"Katy Perry speech at Human Rights Campaign (Mar. 18, 2017)",CBjN4DgDLCc,KATY+PERRY+Speech
Roast of Justin Bieber - Justin Bieber - Let's Get Serious,egXDTfOHcPE,Justin+Bieber+Speech
Taylor Swift | Album of the Year | 58th GRAMMYs,dMCAEUb0h34,Taylor+Swift+Speech
Rihanna at Harvard Receiving their 2017 Humanitarian of the Year Award.,9tshoAW73wc,Rihanna+Speech
Countess of Wessex Speech,OZEcvf2BRuk,The+Countess+Speech
Justin Timberlake Innovator Award Acceptance Speech @ 2015 iHeartRadio Music Awards,HuW2CPVSCMc,Justin+Timberlake+Speech
"In case you missed my Tulane speech, watch it here!",M6pPBqfrAnI,Ellen+DeGeneres+Speech
Britney Spears Acceptance Speech for Pop Artist @ PCA 2014,f7cFyGD8_XQ,Britney+Spears+Speech
Cristiano Ronaldo ‚óè When A Man Gets Emotional ‚óè Interviews & Speeches,bfQUsmUDya4,Cristiano+Ronaldo+Speech
Kim Kardashian West Speech at Variety's Power of Women,oBACqYq9CtI,Kim+Kardashian+West+Speech
"Katy Perry speech at Human Rights Campaign (Mar. 18, 2017)",CBjN4DgDLCc,KATY+PERRY+Speech
Roast of Justin Bieber - Justin Bieber - Let's Get Serious,egXDTfOHcPE,Justin+Bieber+Speech
Taylor Swift | Album of the Year | 58th GRAMMYs,dMCAEUb0h34,Taylor+Swift+Speech
Rihanna at Harvard Receiving their 2017 Humanitarian of the Year Award.,9tshoAW73wc,Rihanna+Speech
Countess of Wessex Speech,OZEcvf2BRuk,The+Countess+Speech
Justin Timberlake Innovator Award Acceptance Speech @ 2015 iHeartRadio Music Awards,HuW2CPVSCMc,Justin+Timberlake+Speech
"In case you missed my Tulane speech, watch it here!",M6pPBqfrAnI,Ellen+DeGeneres+Speech
Britney Spears Acceptance Speech for Pop Artist @ PCA 2014,f7cFyGD8_XQ,Britney+Spears+Speech
Cristiano Ronaldo ‚óè When A Man Gets Emotional ‚óè Interviews & Speeches,bfQUsmUDya4,Cristiano+Ronaldo+Speech
Kim Kardashian West Speech at Variety's Power of Women,oBACqYq9CtI,Kim+Kardashian+West+Speech
Shakira's Speech at World Economic Forum 2017,j1eVkv2zOkU,Shakira+Speech
Selena Gomez's AMA Heartfelt Acceptance Speech 2016,kSzv-lDTVhU,Selena+Gomez+Speech
Power of Women: Jennifer Lopez on  Lopez Family Foundation,9dbxRsR69Rg,Jennifer+Lopez+Speech
Ariana Grande AMAs 2016 acceptance speech Artist Of The Year (Legendado),8m4UMm8a6ms,Ariana+Grande+Speech
Demi Lovato's speech at the National Alliance of Mental Illness - Sept. 4th,H72beAG4-PI,Demi+Lovato+Speech
Jimmy Fallon Addresses the Events in Charlottesville,E9TJsw67OmE,jimmy+fallon+Speech
Oprah Winfrey Harvard Commencement speech | Harvard Commencement 2013,GMWFieBGR7c,Oprah+Winfrey+Speech
P!nk Accepts the 'Michael Jackson Video Vanguard Award' | 2017 VMAs | MTV,W_gA5vkJJc4,P!nk+Speech
Drizzy Making Speech At Canada Day 150,X71QfKSBEWE,Drizzy+Speech
"Harry Styles emotional speech ""Straight or Gay I love you all"" at Stockholm,Sweden November 5",1I3gpGAE-fw,Harry+Styles.+Speech
One Direction win BRITs Global Success Award | BRITs Acceptance Speeches,bMCqcZ1eXYQ,One+Direction+Speech
Bill Gates Speech at Harvard (part 1),AP5VIhbJwFs,Bill+Gates+Speech
"FNN: Lebron James Gives EMOTIONAL, Expletive-Filled Speech at Victory Celebration in Cleveland",PtsH3TlA--8,LeBron+James+Speech
Lil Wayne on Black Lives Matter | FULL INTERVIEW | Nightline,L6mBZSQdGCE,Lil+Wayne+WEEZY+F+Speech
Bruno Mars' Inspiring Speech subtitulado espa√±ol,qa6XK0WXrx4,Bruno+Mars+Speech
KAKA Last Chevrolet Apsara Awards 2012 Speech.,iEy5s4AXz30,Kaka+Speech
Adele Wins Album Of The Year | Acceptance Speech | 59th GRAMMYs,ctuggqUSITM,Adele+Speech
Niall Horan's emotional speech during One Love Manchester.,v5tbxel1u6A,Niall+Horan+Speech
Miley Cyrus Gives Powerful Speech At AmfAR Inspiration Gala | MTV News,6k9TUguYQLg,Miley+Ray+Cyrus+Speech
Alicia Keys Emotional Speech | 2016 Video Music Awards | MTV,Jv5_VtOPpxg,Alicia+Keys+Speech
KEVIN HART WINS 2017 PEOPLES CHOICE AWARD FAVORITE COMEDIC ACTOR THE ROCK FLIPS HIM OFF AT END,LC8bsGgmjqQ,Kevin+Hart+Speech
David Cameron Speech At Wembley Staidum | Modi At Wembley | Mango News,SAVjrwY6Jsg,Cameron+Speech
Pitbull motivational speech,TVEtcD8fBo8,Pitbull+Speech
One Direction Beats Zayn For Video Of The Year & Liam Gives Surprise Speech At 2017 Brit Awards,ySZrshckxdE,Liam+Speech
One Direction Louis Tomlinson's Speech 08.06.2014,szN2W2mPVhQ,Louis+Tomlinson+Speech
Nicki Minaj gives an amazing speech while being honored by Fergie at the #FLAs2017,7zZA6y9W_rQ,NICKI+MINAJ+Speech
Emotional Farewell Message from Neymar Jr to Barcelona üò≠üò≠üò≠,NyCrM9ztGl0,Neymar+Jr+Speech
Eminem - Campaign Speech,ZvqYabGI6HQ,Marshall+Mathers+Speech
Emma Watson at the HeForShe Campaign 2014 - Official UN Video,gkjW9PZBRfk,Emma+Watson+Speech
Avril Lavigne - Winning single and album of the year @ Juno Awards 24/04/2003,fYOEc_zBP40,Avril+Lavigne+Speech
The People's Choice for Favorite TV Comedy Actor is Neil Patrick Harris,wU7Q3Sf5D2U,Neil+Patrick+Harris+Speech
Daniel Tosh at UCF 1 of 2,7IPpIwMc-7E,daniel+tosh+Speech
"David Guetta Talks Party Drugs, Gives Advice To New DJs | Larry King Now | Ora.TV",OYtZYXcYeBY,David+Guetta+Speech
Conan O'Brien's 2011 Dartmouth College Commencement Address,KmDYXaaT9sA,Conan+O'Brien+Speech
Amitabh Bachchan's Most Inspiring SPEECH!,j7H9E62P9_A,Amitabh+Bachchan+Speech
Ashton Kutcher Speech - Teen Choice Awards (HQ),FNXwKGZHmDc,ashton+kutcher+Speech
Khloe Banned From Giving Speech at Kim & Kanye‚Äôs Wedding,T3pePU0tFo4,Khlo√©+Speech
Glamour Awards: Kourtney Kardashian shrugs off Justin Bieber question,sBvTj2-gELs,Kourtney+Kardashian+Speech
Zayn Malik thanks One Direction in acceptance speech (FULL),jU4jElN7R6c,zayn+Speech
"Shah Rukh Khan's Speech at DAIS GC2016, with Nita Ambani",1Kyw_HLk6hQ,Shah+Rukh+Khan+Speech
Coldplay - A Head Full Of Dreams (Charlie Chaplin Speech Intro) [Compilation AHFOD Latam Tour],g5SaHMpIxSU,Coldplay+Speech
Mariah Carey's best speech so far,PYEsBmrKVnI,Mariah+Carey+Speech
"Ed Sheeran full speech ""American Stuttering Institute Gala"" 2015",1qX7MtpxARQ,Ed+Sheeran+Speech
Christina Aguilera's Muhammad Ali Humanitarian of the Year Acceptance,gjIyKWQO3h8,Christina+Aguilera+Speech
"Full Speech: Jim Carrey's Commencement Address at the 2014 MUM Graduation  (EN, FR, ES, RU, GR,...)",V80-gPkpH6M,Jim+Carrey+Speech
Kanye West's Moment | 2016 Video Music Awards | MTV,ycnTPgp3DY8,KANYE+WEST+Speech
Chris Brown speech at Tidal Pop Up Show 2017,R2kjxEEq1UQ,Chris+Brown+Speech
Speech by Amir Khan,OcrFIYYRMDM,Aamir+Khan+Speech
Salman Khan's FUNNIEST Speech Where He Could'nt Stop Laughing At All,BzL2VK0HTjo,Salman+Khan+Speech
Global Youth Forum Bali 2012- Agnes Monica,23HuZBx3Y6M,AGNEZ+MO+Speech
CFDA Awards Fashion Icon Acceptance Speech,YKCQHgkPKxU,Beyonc√©+Knowles+Speech
"Blake Shelton accepts The People's Choice award for ""Favorite Album""",W98N8ExFu0k,Blake+Shelton+Speech
Ryan Seacrest Commencement Address and Honorary Degree,U6pukbBZgoM,Ryan+Seacrest+Speech
Comiss√°ria Ivete Sangalo no v√¥o da TAM SPEECH,90J9LOtFWXE,Ivete+Sangalo+Speech
Oscars 2016 Leonardo DiCaprio Wins best Actor - Speech 2016 VOSTFR [HD] QUALITY,AOoP56eXtzM,Leonardo+DiCaprio+Speech
The Smart Paris Hilton -,xjmLMgvf_QQ,Paris+Hilton+Speech
will.i.am Fireside Chat with Marc Benioff: Connections 2014,9game7zd3To,will.i.am+Speech
Mufti Menk and Sheikh Mohamad al Arefe - Funny Translating,GmY6_EyedNU,MohamadAlarefe+Speech
Kendall Jenner Billboard Awards One Direction Fail,oTdCZZDYb5Y,Kendall+Jenner+Speech
Tyra Banks yells at girl,m6Shpn5WCFs,Tyra+Banks+Speech
Snoop Dogg's UNEDITED Rock & Roll HOF Speech - Tupac Shakur Induction,b3I5jLdWQJw,Snoop+Dogg+Speech
Alexandro Sanz Speech Berkley University boston,kzAJZVlqDPY,Alejandro+Sanz+Speech
Ricky Martin at the 2010 HRC National Dinner,gBUgtQ8j5hY,Ricky+Martin+Speech
Ronaldinho The Best Player In The World 2005,Sj4C9cqprG0,Ronaldinho+Ga√∫cho+Speech
Inspiring Words From Simon Cowell,hDx1LBbWyM0,Simon+Cowell+Speech
Emotional Wayne Rooney Changing Room Speech | Inside Access,X80F4PnOY0s,Wayne+Rooney+Speech
Kevin Durant 2013-14 MVP Speech,z-0VH-0D6NY,Kevin+Durant+Speech
"Maroon 5 Speech by Maroon Tunes Festival legendary concert hall ""The Roundhouse""",-SOL7BNbokk,Maroon+5+Speech
RADITYA DIKA NYANYI MENGENANG PINK,PfuurK22V6Y,raditya+dika+Speech
Kylie Jenner talks bullying,ug20T7AU-po,Kylie+Jenner+Speech
"Billboard Music Awards 2014: Pitbull, Jennifer Lopez e Claudia Leitte",ayLN8DSqCeE,Claudia+Leitte+Speech
Deepika Padukone Filmfare Speech,FAI2nQU6ZGE,Deepika+Padukone+Speech
"Stephen Fry's Emotional speech in a debate, with Christopher Hitchens.",1SJ6AV31MxA,Stephen+Fry+Speech
Roast of Charlie Sheen (Charlie's speech legendado),F3fgUdkOXM8,Charlie+Sheen+Speech
Emotional speech of Andres Iniesta | Tribute Xavi Hernandez Sub English,3vgz5rTTvHY,Andr√©s+Iniesta+Speech
Hrithik Roshan speaks to students | GIIS leadership Lecture Series 2013 | Part 2,eMzj3dbKX00,Hrithik+Roshan+Speech
Sghaint Singh Sidhu jattu engineer interview by Honeypreet Insan  part 2 (SSS),8kWm_vH_6F0,PRIYANKA++Speech
Pete Cashmore and Luciano Huck speak at Rio + Social (PART 1),0LLtelW5jwQ,Luciano+Huck+Speech
Gerard Pique Celebration Speech 2016,0TdQk7Gubxo,Gerard+Piqu√©+Speech
That Awkward Moment - Zac Efron - last emotive scene,x-zfJ1FEjK8,Zac+Efron+Speech
Barack Obama Singing Call Me Maybe by Carly Rae Jepsen,hX1YVzdnpEc,Carly+Rae+Jepsen+Speech
Russell Brand - Awakened Man,_bKQXmvdr8o,Russell+Brand+Speech
SPEECH - Juanes on singing in spanish. at The 55th Annual...,c7_QUPRV3jQ,JUANES+Speech
Oswaldo Pisfil en Showbiz Tema: Paulina Rubio,AjLGQuEG5vo,Paulina+Rubio+Speech
Sean Combs' 2014 Howard University Commencement Speech,DTa7Bl_eUt8,Sean+Diddy+Combs+Speech
Drake Ends His Beef With Ludacris at the Billboard Music Awards | Genius News,UAdrFOUyEaM,Ludacris+Speech
Shaquille O‚ÄôNeal‚Äôs Basketball Hall of Fame Enshrinement Speech,C-IiiFvfdVo,SHAQ+Speech
CPEU2 - Paulo Coelho,1iyzIkeo84c,Paulo+Coelho+Speech
Kelly Clarkson honored for her work with XQ Super School at Variety's Power of Women,-i-XDXZl_jA,Kelly+Clarkson+Speech
Tom Hanks Addresses the Yale Class of 2011,baIlinqoExQ,Tom+Hanks+Speech
Usher Raymond IV Speaks on the Education Crisis,VVYWBpfoWkw,Usher+Raymond+IV+Speech
Akshay Kumar Funniest Speech for Twinkle Khanna at Vouge Beauty Awards 2017,8twEkQsQgbI,Akshay+Kumar+Speech
Speech by Luna Maya,szkt31WZlwM,luna+maya+Speech
Golden Globes 2011 - Ricky Gervais Opening Monologue,BvHXzP2SpLA,Ricky+Gervais+Speech
Mesut √ñzil Arsenal Press Conference,PzYnHRK-VXc,Mesut+√ñzil+Speech
Speech by Luna Maya,szkt31WZlwM,luna+maya+Speech
Golden Globes 2011 - Ricky Gervais Opening Monologue,BvHXzP2SpLA,Ricky+Gervais+Speech
Mesut √ñzil Arsenal Press Conference,PzYnHRK-VXc,Mesut+√ñzil+Speech
Cem Yƒ±lmaz`dan ƒ∞ngilizce ≈ûov,-R_Zq71qMrE,Cem+Yƒ±lmaz+Speech
Nick Jonas - Full Address,k-qa_JAELjw,Nick+Jonas+Speech
Xabi Alonso's Liverpool FC story | In his own words,oWa9vowgsnw,Xabi+Alonso+Speech
YOU CAN ACHIEVE ANYTHING - The Rock's Ultimate Motivational Speech for Success,SJNwtgusWHQ,Dwayne+Johnson+Speech
Enrique Iglesias Open up in an Interview,D65EVW6Hqk8,Enrique+Iglesias+Speech
Stephen Colbert 2011 Commencement Speech at Northwestern University,m6tiaooiIo0,Stephen+Colbert+Speech
KUN AGUERO INTERVIEWED BY ZABALETA | City v West Ham Champions 2014,G0OWIf8Jm3A,Sergio+Kun+Aguero+Speech
Miranda and Victoria's Speeches!,C70Ha9wCCXY,Victoria+Justice+Speech
Radamel Falcao: 'Please Don't Make Me Play For Liverpool!'*,SoOYCX3CdaA,Radamel+Falcao+Speech
Cady's Homecoming Speech,t_mldpjy1mg,Lindsay+Lohan+Speech
Thamizhan is really going to rule | AR Rahman Speech | Mersal Audio Launch | Vijay | Atlee | TSL,wh6p7j9VrTE,A.R.Rahman+Speech
Young Hollywood Awards-Austin Mahone speech,7o6FKrAzroo,Austin+Mahone+Speech
Victoria Beckham Smiles for Glamour's Women of the Year Awards,dN8SXwAVKv4,Victoria+Beckham+Speech
Cristiano Ronaldo taunts James Rodriguez by stuttering in Dubai,Emd7t2MV2zQ,James+Rodr√≠guez+Speech
Trey Songz Surprises East Tesch High School,Gu5sWn4vv54,Trey+Songz+Speech
Sexy Sofia Vergara Funny Golden Globes Joke Blooper,fVTeNXkekGw,Sofia+Vergara+Speech
Jessica Alba | The Honest Company | 2015 | Student Q&A,cvcLmx_N3YE,Jessica+Alba+Speech
Rafael Nadal Trophy Presentation | Australian Open 2017,bDoOvZlbxMI,Rafa+Nadal+Speech
Daddy Yankee Accepts the Voice of Music Award at the 2014 ASCAP Latin Music Awards,99pItOPaAj8,Daddy+Yankee+Speech
11Ayg   Indo Afgan,dU8fP5CqClw,afgansyah+reza+Speech
Anahi en Don Francisco Presenta part 3,wvEunvcmMxQ,Anahi+Speech
American Music Awards 2011 - LMFAO - Party Rock Anthem & Sexy And I Know It,P95f0FGVliY,LMFAO+Speech
"Amir Liaqat Blasting Message To SEHWAG, RISHI KAPOOR, VIRAT KOHLI Pakistan India Final 18 June 2017",0oc7H1ue-dc,Virat+Kohli++Speech
Jessie J gives a really inspiring speech - Edinburgh Castle - 17/07/13,vMdqg1-z8Js,Jessie+J+Speech
MAUDY AYUNDA ngerjain VIDI ALDIANO di #SalahSambung,mpJd_Nue7SE,Vidi+Aldiano+Speech
It's Showtime: Anne Curtis is now engaged!,X_rqS0vRtEQ,Anne+Curtis-Smith+Speech
Sachin Tendulkar's most INSPIRATIONAL SPEECH - MUST WATCH.,Y-hwoXGeNsI,sachin+tendulkar+Speech
Xavi Hernandez Crying In Farewell Puyol 15/05/2014,r14395Rd9M4,Carles+Puyol+Speech
"""Family Guy"" Creator Seth MacFarlane Class Day | Harvard Commencement 2006",YOBK-xBOFcc,Seth+MacFarlane+Speech
Thalia - Eres Awards 1992 (Speech & Sorbito De Champagne),9s7Uttgu8Os,Thalia+Speech
Mark Antony's Speech,7X9C55TkUP8,Marc+Anthony+Speech
"Cesc F√†bregas - Idols,Best player,Difference between BPL & La Liga,Favorite goal,Euro 2016",SSdya-R-8AA,Cesc+F√†bregas+Soler+Speech
"50 Cent ""Ain't Feeling His Baby Momma's Speech At Their Son's Birthday Party""",WPD8Ka6v-kQ,50cent+Speech
NYU Commencement 2017--Pharrell WIlliams Remarks,LbTKb73l1rE,Pharrell+Williams+Speech
2017 Hero Award: Nick Jonas | Radio Disney Music Awards,9yIckL0sZCw,Joe+Jonas+Speech
BIG SEAN - PATIENCE,Ws_hgWownp8,Big+Sean+Speech
Aziz Ansari Is PISSED About His Britannia Award (Acceptance Speech),W8s08QR6clA,Aziz+Ansari+Speech
Kobe Bryant's Final Game Farewell Speech,pOHQWCqNV9E,Kobe+Bryant+Speech
David Bisbal Performs at Festival of Media LatAm 2015,JBy5RVnNsGk,David+Bisbal+Speech
Sandeep Maheshwari 7 Rules of Success Inspirational Speech | Motivational Seminar,dLAbeRpqMHc,Abhishek+Bachchan++Speech
Channing Tatum Hilarious Interviews!,81EJ9I3xHCQ,Channing+Tatum+Speech
Robin van Persie Says 'I Will Miss Best Friend Nemanja Vidic At Manchester United',d-CFni-0sRM,Robin+van+Persie+Speech
Sonam Kapoor Motivational Speech | Inaugurating Neerja Bhanot's Plaque | Viralbollywood,F60SMUzZfu4,Sonam+Kapoor+Speech
'WE HAVE THE POWER TO MAKE A DIFFERENCE'  Cody Simpson speaking at the 2016 Social Good Summit,8Wocnb0vobM,Cody+Simpson+Speech
"The Voice 2017 Mark Isaiah, Luis Fonsi & Daddy Yankee - Finale: ‚ÄúDespacito‚Äù",T--VFcUUPrg,Luis+Fonsi++Speech
David Luiz  - Thank God PSG Have Not Found My Rece,mrTL4rL_Fpg,David+Luiz+Speech
Gareth Bale  press conference ahead of Wales v England,ZIIfpXj4038,Gareth+Bale+Speech
JOHN CENA - NEVER GIVE UP | SPEECH | FULL,2eAGxiA4p2Q,John+Cena+Speech
(Video) Eugenio Derbez utiliza su humor para enviarle un mensaje a Donald Trump,1cBDRzciZGE,Eugenio+Derbez+Speech
J Cole - Drops The Realest Speech Ever,E6Wm8-DJKNk,J.+Cole+Speech
Elissa - Music awards 2006 / ÿ•ŸÑŸäÿ≥ÿß - ÿ¨ÿßÿ¶ÿ≤ÿ© ÿ£ÿ≠ÿ≥ŸÜ ŸÖÿ∫ŸÜŸäÿ© ÿπÿ±ÿ®Ÿäÿ© 2006,l02Z7fbIN7Q,Elissa+Speech
Miranda and Victoria's Speeches!,C70Ha9wCCXY,Miranda+Cosgrove+Speech
Penn's 258th Commencement Ceremony - Commencement Speaker John Legend,nnkuxsulOC4,John+Legend+Speech
Raw Video: Actress Eva Longoria talks about American opportunity,1ZScy7Ja0rk,Eva+Longoria+Speech
Best of Karan Johar Speech  | Conversation With Shobhaa De | 'An Unsuitable Boy' Book Launch,1Yh5AWbohdg,Karan+Johar+Speech
David Villa thanks the New York City FC fans,Wfn6A-nXruU,David+Villa+Speech
Cher Lloyd speech,KTgtoNmKBlo,Cher+Lloyd+Speech
Operation Smile: 25th Anniversary Gala with Jessica Simpson,7ii-UfcBvk4,Jessica+Simpson+Speech
Nancy Ajram CNN Interview HD (Turkish Subtitles),YbXfCU9A454,Nancy+Ajram+Speech
UFC 208: Anderson Silva Octagon Interview,Pk_GCurBKRo,Anderson+Silva+Speech
Ricardo Montaner en Ke Krees,DyX-nJPstDw,Ricardo+Montaner+Speech
'Shout Out To My Ex‚Äô by Little Mix wins British Single | The BRITs 2017,kPHLgLghKo4,Little+Mix+Speech
"[2016 ESPYs] Carmelo Anthony, Chris Paul, Dwyane Wade, & LeBron James opening segment.",KCjMvEdPi30,Carmelo+Anthony+Speech
Sarah Silverman Democratic National Convention FULL Speech 7/25/16 DNC Philadelphia,6RjF1ziPuIA,Sarah+Silverman+Speech
Shahid Kapoor Full Speech | Sham Shaandaar Song Launch,kX737PvIab8,Shaandaar+Kapoor+Speech
"Goldberg and Brock Lesnar meet face-to-face before Survivor Series: Raw, Nov. 14, 2016",daN8sUtz7eo,T-Raww+Speech
Entrevistas y discursos reales a pablo escobar,XQyLhVYs1CU,Roberto+G.+Bola√±os+Speech
"Snooki Speech Angers Rutgers Students, Sparks Fee Backlash",zgMvLwLghbs,Nicole+Polizzi+Speech
Jorge Lanata - Videomatch,8HwZeFNyT1o,marcelo+tinelli+Speech
Angel Locsin Best Actress Speech.mov,Ucm5HHMRs0o,Angel+Locsin+Speech
Lady Leshurr - Queen's Speech Ep.4,FyodeHtVvkA,Queen+Latifah+Speech
Zooey Deschanel - 'Eulogy' Speech (2004),keuwWfsnw-Q,zooey+deschanel+Speech
SPEECH - Nick Frost and Simon Pegg on receiving an award ...,1BfZsZqn1RY,Pegg+News+Speech
Beib Beib !!YKS Raffi ahmad Feat Cinta Laura speech composing by Depri darwis,fsmuXr6wZaU,Raffi+Ahmad+Speech
"Ne-Yo talks favorite sex position, celebrity hook-ups, Mila Kunis & Rihanna",x2lhq2Xpt9c,NE-YO+Speech
Calvin Harris Wins Best Male Video | 2016 Video Music Awards | MTV,EUVEjWuL1Yo,Calvin+Harris+Speech
Richard Branson's MOTIVATIONAL SPEECHES - #MentorMeRichard,vDSP-SfEZNM,Richard+Branson+Speech
Ciara - Speechless,_3dISGg6vDg,Ciara+Speech
Steve Martin receives an Honorary Award at the 2013 Governors Awards,381aYexNTuc,Steve+Martin+Speech
Glamour Awards 2017: Olly Murs 'storms off' during chat with Emma Willis,X_V2T6gQY6s,Olly+Murs+Speech
Daniel Alves crying   celebrations for history second FC Barcelona treble 2015,65jA0MBCaKI,Daniel+Alves+Speech
Kelly Rowland UK Positive Message,jUhmZCoLdNk,KELENDRIA+ROWLAND+Speech
Keith Lemon & Fearne Cotton Recreate The Adele Brits Speech - Celebrity Juice,VDTIA3CB1r8,fearne+cotton+Speech
Amazing Rio Ferdinand Q + A with England U16s | Inside Access,hu4pdoUbHTE,Rio+Ferdinand+Speech
Watch Mayweather's emotional final press conference speech= Mayweather vs Berto Full Video,Bg3KXKjOI0w,Floyd+Mayweather+Speech
5 Seconds of Summer - Luke Hemmings' Speech (Live in Malaysia),xsqpNzR95RY,Luke+Hemmings+Speech
Shireen's Speech,JTKvspFKFJ8,shireen+sungkar+Speech
"LAUNCHING LAPTOP SULTAN feat JodieMotovlogHD, Eka Gustiwana & Jessica Iskandar",KgqcnXWBjPU,Jessica+Iskandar+Speech
Anderson Cooper's Magnificent Response To Trump After Another 'Shocking Speech' (FULL),tukyTSuVA44,Anderson+Cooper+Speech
Mario Teguh Nyanyi - Everyday Selalu SUPER (@EkaGustiwana),BGot73Jnvw4,Mario+Teguh+Speech
Farhan Akhtar Speech At Global Citizen India | Viralbollywood,BvlDib8Clco,Farhan+Akhtar+Speech
Jennette McCurdy speech at McCurdicon,p_ZNvYCQuCM,Jennette+McCurdy+Speech
GUSTTAVO LIMA - NOTAS ALTAS (DIZ PRA MIM) - AO VIVO,nFE5ppYyyj0,Gusttavo+Lima+Speech
Bella Thorne Dyslexia Story,4iVcTPRShBA,bella+thorne+Speech
how to increase self confidence in hindi,_wrzxDRP6w0,Pitty++Speech
Holly Willoughby's Attractive Voice & Speech,DPMgzdJJS0g,Holly+Willoughby+Speech
Juan Luis Guerra Speech,_D-YTq99iME,Juan+Luis+Guerra+Speech
Perez Hilton On The Kimmel Show,CItsclIYwGQ,Perez+Hilton+Speech
Dwight's Big Speech! - The Office US,LYyZqlyDEL4,Dwight+Howard+Speech
Chayanne speech,aBoxeTvN9I0,CHAYANNE+Speech
Ricardo Arjona recibe reconocimiento en los Billboard y ataca la corrupci√≥n,_-xHZuRrHBU,Ricardo+Arjona+Speech
Alia Bhatt Full Speech | Sham Shaandaar Song Launch,j_MbTl8QANM,SHAANDAAR+Alia+Speech
Vice Ganda @ 26th Star Awards For TV,uD4D59mFSts,jose+marie+viceral+Speech
Zendaya's POWERFUL speech at Teen Choice Awards,F6v6b1GHNho,Zendaya+Speech
EL REENCUENTRO DEL GRUPO JEANS CON DULCE MARIA ¬øSE TIENEN ENVIDIA?,K4FDXrI1XOk,Dulce+Maria+Speech
Mestre Bimba - A Capoeira Iluminada [English Subtitles],Gxm0-M5YaFY,Cear√°+-+Wellington+Speech
Ian Somerhalder speech at the Heifer International Hosts 4th Annual Beyond Hunger,_o6BUbYHsAI,Ian+Somerhalder+Speech
Architects of Change: Kris Jenner & Maria Shriver,Ti-OB3aGYWY,Kris+Jenner+Speech
Jimmy Kimmel‚Äôs Oscars Monologue,fDkXHWMNNmc,Jimmy+Kimmel+Speech
Acceptance Speech: Hugh Jackman (2012),op07oaojkeg,Hugh+Jackman+Speech
MINHAS COISAS DO LUAN SANTANA (Rammon) -puLSa√ß√£o LS ep.57,NfAh3P54SmY,Luan+Santana+Speech
"Iggy Azalea Says She Has ""An Award Winning Vagina"" | GQ | Speech",rPjIwluvpQ8,IGGY+AZALEA+Speech
Galilea Montijo se equivoca de speech,1nxllQICdfE,Galilea+Montijo+Speech
Very touchy speech by Anushka SharmaüëÜüëÜüëÜ,muUOfdosMvo,Anushka+Sharma+Speech
OJ   kardashian reads letter,7nPQeSCjQNw,ROBERT+KARDASHIAN+Speech
Akon Speaks on Rebranding Africa,iquYfLQMYLU,AKON+Speech
Interview: Jason Mraz talks about connecting humanity through his music.,jkueiueThVs,Jason+Mraz+Speech
Nina Dobrev wins 2015 TCA,X6v1zE8KZGw,Nina+Dobrev+Speech
Omar Chaparro se puso nena en el XII Foro Juvenil.,qlzeTJVS0jw,Omar+Chaparro+Speech
"Interview with Sergio Ramos, Real Madrid player",NmVH3a3dWfA,Sergio+Ramos+Speech
Propaganda em P√¢nico #2 - P√¢nico Na Band 24/02/13 HD,YQU7mhocfBk,Rodrigo+Scarpa+Speech
Lana Del Rey - Speech for GQ's Woman Of The Year Award 04092012,bvepmJQSK_I,Lana+Del+Rey+Speech
Sonakshi Sinha Speech - Lingaa Audio Successmeet - Rajinikanth,pYn09Ex8cIw,Sonakshi+Sinha+Speech
Javier Mascherano: 'We just have to be ourselves',1GKSb_BmVBI,Javier+Mascherano+Speech
Chetan Bhagat on how to achieve big things in life,YzAYa06vFJY,Chetan+Bhagat+Speech
Calum being super cute for his speech - Tinley Park IL 7/30/16,4tJiPhz3GrA,Calum+Hood+Speech
Chicharito Hern√°ndez - Motivational Video,m8JZr136hNs,Chicharito+Hernandez+Speech
J.K. Rowling Speaks at Harvard Commencement,wHGqp8lz36c,J.K.+Rowling+Speech
FULL: Richard Spencer Speech at University of Florida (10/19/17),UZK_999sTgU,FLO+RIDA+Speech
Chelsea's Commencement Speech | Chelsea | Netflix,H61kINzIh58,Chelsea+Handler+Speech
Kourtney Kardashian Is Ready to Dish Out Some 'Tough Love' to Scott Disick,Qkgv4zcsN3Q,Scott+Disick+Speech
Riverdale Jason's Memorial 01x05 Cheryl's speech,Nf_I2g-WjC0,Cheryl+Speech
A conversation about MSFTSrep feat. Jaden Smith,RYFHi6eOG-k,Jaden+Smith+Speech
Steven Gerrard's Message to Luis Suarez,F09yzfZAUXM,Luis+Suarez+Speech
Parineeti chopra Full Speech | Self Defence Graduation Day,qF-MRMnVPSA,Parineeti+Chopra+Speech
Robert Downey Jr.-Golden Globe Awards-best actor,SfGBO7tmJmg,Robert+Downey+Jr+Speech
Gonzalo Higuain 9 volte come suo numero /9 times its name DECIBEL BELLINI stadium announcer Naples,QXROcBwRf2E,Gonzalo+Higua√≠n+Speech
Jimmy Carr Stand-Up,_9zEsVkLC30,Jimmy+Carr+Speech
Tom Cruise's Post-9/11 Opening: 2002 Oscars,wb0KYB3Z8Ws,Tom+Cruise+Speech
Kendrick Lamar | Best Rap Album | 58th GRAMMYs,WyJW19SAG6U,Kendrick+Lamar+Speech
Serena Williams Accepts 2015 Sportsperson of the Year Award | Sports Illustrated,I9eoPS1Rzug,Serena+Williams+Speech
"Calle 13's Ren√© ""Residente"" P√©rez on Revolutionary Music, WikiLeaks & Puerto Rican Independence",_IDBVZpTkHw,Residente+Speech
Adam Levine - Hollywood Walk Of Fame Ceremony (Highlights),E1DMRAgPkP0,Adam+Levine+Speech
Jeremy Clarkson Epic Speech,M3jnYAXOJUQ,Jeremy+Clarkson+Speech
Ana Hickmann Um dia de aeromoca,kTCOcOzKtEg,Ana+Hickmann+Speech
Vanessa Hudgens' acceptance speech  at the  Teen Choice Awards | 8.13.2017,DGX6Cs8rmF4,Vanessa+Hudgens+Speech
Michael Clifford's emotional speech- 5SOS LIVE 2016,nflTMbKd4No,Michael+Clifford+Speech
Ellie Goulding - Attitude Awards acceptance speech,a3znrnAwG5g,Ellie+Goulding+Speech
Cameron Dallas - Power of Young Hollywood Speech,keRkNEN4yu4,Cameron+Dallas+Speech
Luis Miguel - Entrevista con Joaquin Lopez Doriga sobre el disco 33,HOMK7EtCYHo,Joaqu√≠n+L√≥pez-D√≥riga+Speech
Bassem Youssef - Beacon of Truth Award Speech,Wvk1IHuyhM0,Dr+Bassem+Youssef+Speech
Kiran Bedi   Inspirational & Motivational Speech   Great Woman,fDGm6jU1OBc,Kiran+Bedi+Speech
Lucu & Menggemaskan Ketika Hamish & Raisa Speech Didepan Tamu Undangan,TAC49jCQr-0,Raisa+Andriana+Speech
Lily's Speech,ccEpV2tVbbA,lily+Speech
"""High Drama"" of Anupam Kher‚Äôs speech at The Telegraph National Debate 2016 on 5 March",deGBj_enhAg,Anupam+Kher+Speech
Watch first lady Michelle Obama‚Äôs full speech at the 2016 Democratic National Convention,4ZNWYqDU948,Michelle+Obama+Speech
Mary J. Blige Is Thankful For Her Mother | Dear Mama,1TY_wLg7AMU,Mary+J.+Blige+Speech
2014 Kirk Douglas Award - Demi Moore Speech,fvxEYFg2CWE,Demi+Moore+Speech
Kathy Burke funny acceptance speech,huayAma6y0Y,KATH+Speech
Samuel L Jackson's Pulp Fiction Speech - The Graham Norton Show - Episode 11 - BBC One,xbc63s8SOX4,Samuel+L.+Jackson+Speech
Nicole Scherzinger Nails These Celebrity Impressions!,44eWB1v0Y34,Nicole+Scherzinger+Speech
The Black Eyed Peas! Live Speech About Azerbaijan! ‚ù§ F1,vmrNaUe4JDA,The+Black+Eyed+Peas+Speech
Next is now: Sirin Bayulgen at TEDxSabanciUniversity,wbubxQl4mdU,okan+bayulgen+Speech
"Film Indonesia Terbaik 2017 - LONDON LOVE STORY "" full movie 'film terbaru indonesia 2016 """,2LdG6PawM7w,INDONESIAinLOVE+Speech
One on One - Amr Khaled,PXBZGv8zjXE,Amr+Khaled+Speech
Meek Mill- Motivational talk,U3raPELEBgg,Meek+Mill+Speech
Ant and Dec || I Love You To Bits,qwcnJ5rWg98,antanddec+Speech
"Iker Casillas full farewell speech, english subtitles",YMiL0Bv8BrM,Iker+Casillas+Speech
Rita Ora: As a refugee you never want to hear the words 'get out',pGAkXoUVoZs,Rita+Ora+Speech
Michael Bubl√© se emocion√≥ al reaparecer tras el c√°ncer que super√≥ Noah,gOgKLn9aGV0,Luisana+Lopilato+Speech
fels≈ëzsolcai fiuk 2014,spHtHWtUwKI,Fiuk+Speech
Nick Cannon - Stand For What,ui5fDxPronk,Nick+Cannon+Speech
Episode 6 #BattleOfLife Bepe Ditolak Diklat Salatiga,XZGP-vvZ90o,Bambang+Pamungkas+Speech
SANDY - MELHORES NOTAS ALTAS EM VOZ DE CABE√áA,LgfuB7LeNAY,Sandy+Leah+Speech
Miranda Lambert Gets Emotional During Historic 2017 CMAs Acceptance Speech,lWEVrO-O4LE,Miranda+Lambert+Speech
Angel Rivera speech,k9-WJmFrP9Y,Angel+Rivera+Speech
The Win Back Speech Subtitulado en Espa√±ol [Nash Grier],UtTTbnSschE,Nash+Grier+Speech
"BCL, ICL",duhVnwtDfuI,bunga+citra+lestari+Speech
2001 MTV Awards - Ben Stiller Speech,H12cwawNcTY,Ben+Stiller+Speech
Konser katliamƒ±ndan birka√ß saat farkla kurtulan Demet Akalƒ±n ya≈üadƒ±klarƒ±nƒ± anlattƒ±,st3Z-O2DekI,Demet+Akalin+Kurt+Speech
YENG CONSTANTINO TESTIMONY  (NATION TRANSFORMER) by: YROCK,98XO-DhTVn0,Yeng+Constantino+Speech
Mindy Kaling's Speech at Harvard Law School Class Day 2014,a7_49EXuLoQ,Mindy+Kaling+Speech
Luke Bryan - Wins Entertainer Of The Year? - ACM Awards 2013,HZw-GIjOjcM,Luke+Bryan+Speech
{HappyE.L.F's Vietsub} [31.12.2010] SBS Acting Awards Siwon's Acceptance Speech [SuJu-ELF.com],xXPAOJt-AQs,SIWON+CHOI+Speech
Free Text to speech on Mac- Computer reads out everything,tawg6Z8qi4M,Mac+Speech
David De Gea Speaking English,a-Ev7xFgcXo,David+De+Gea+Speech
Juan Mata   Thank You and Goodbye by Nake and Volnas   Emotional Video,Sc1wYt1RboU,Juan+Mata+Garc√≠a+Speech
Tiger Woods' Press Conference Apology,FA7ty2LQwc0,Tiger+Woods+Speech
Iron Mike Tyson Motivational Speech,dQhH7gaQ-Mw,Mike+Tyson+Speech
Lenny Kravitz's Speech At The MTV Awards 1993,MKQHsisg6Dw,Lenny+Kravitz+Speech
Kevin Jonas Fired!,-35yNmosCk8,kevin+jonas+Speech
Roast of James Franco - The Franco Philosophy - Uncensored,3Bg_khk-SK4,Jonah+Hill+Speech
"[2016 ESPYs] Carmelo Anthony, Chris Paul, Dwyane Wade, & LeBron James opening segment.",KCjMvEdPi30,DWade+Speech
Candidly Nicole | Nicole Richie Performs At Her Art Show | VH1,I8zMk3ypVAs,Nicole+Richie+Speech
Linkin Park Chester Bennington final show speech,HoinHcLg6Vc,LINKIN+PARK+Speech
Cinderella Story Locker Room,0yHlEFd2G4w,Hilary+Duff+Speech
MS Dhoni is good honest man: Suresh Raina,hTzqczrBL30,Suresh+Raina+Speech
Ratan N. Tata receives Honoris Causa degree at HEC Paris,61Gy6vo8XwM,Ratan+N.+Tata+Speech
G-Dragon 2017 M.O.T.T.E in Singapore Monologue (Concert Video),9uPZ8_uEiVU,G-DRAGON+Speech
Anna Kendrick - Variety's Power of Women (2015),7lMPytiWe_Q,Anna+Kendrick+Speech
Alan Carr wins Entertainment Performance Bafta - The British Academy Television Awards 2013 - BBC,rY9VuSFLqdI,Alan+Carr+Speech
Banana Sundae: Angelica Panganiban's Spoken Word,vio4_pw8AnY,Angelica+Panganiban+Speech
Stephen Fry   Jonathan Ross   Language,wBOCHPCYnDw,Jonathan+Ross+Speech
Lucy Hale Acceptance Award Speech TCA 2014 [LEGENDADO],t3KxaE4BV8Q,Lucy+Hale+Speech
Disney Channel actress Bridgit Mendler,mmp_ib3sCT0,Bridgit+Mendler+Speech
John Cleese thanks everyone on the planet for his award,7_JUBgPHYmY,John+Cleese+Speech
"Soulja Boy on Defending Himself during Home Invasion, #SouljaBoyChallenge Original",0Q-MZimHiLY,Soulja+Boy+Tell+'Em+Speech
"Top 3: Carlito Olivero Sings ""Stand By Me"" with Prince Royce - THE X FACTOR USA 2013",Lgdj2O_8SHY,Prince+Royce+Speech
Carrie Underwood Wins Entertainer Of The Year - ACM Awards 2009,nKPRbD9yuaY,Carrie+Underwood+Speech
Jesse & Joy BBC Breakfast 2017,flKum5_pBVw,Jesse+&+Joy+Oficial+Speech
Yoko Ono: IMAGINE PEACE 2012.,DCSBUXUXNg8,Yoko+Ono+Speech
Novak Djokovic winner's speech - Australian Open 2015,fRL21okQ0Bs,Novak+Djokovic+Speech
SWEET SPEECH From Engku Emran Kepada Laudya Cynthia Bella Di RESEPSI Bella 8 OKT 2017 !,kaxJ7WnAKyo,Laudya+cynthia+bella+Speech
Receiving the Trevor Youth Innovator Award | Tyler Oakley,ftyjwYLESXM,Tyler+Oakley+/+TODAY+Speech
Kenyon College: John Green Commencement Address 2016,0AriZhzeHbA,John+Green+Speech
Bill Simmons and John McEnroe Call the Shots on the Future of Sports Journalism - FULL CONVERSATION,0rNBBU_77og,Bill+Simmons+Speech
Speech of Diego Forlan and fire work,sw8h-Xg1gWA,Diego+Forlan+Speech
Bianca Facundo senior speech,NxJltvTc0s8,Facundo+Speech
Glee Cast winning with Lea Michele's Acceptance Speech (2013 TCA's) (HD),QQIkiByO3V4,Lea+Michele+Speech
Bianca Gonzalez: Be the Twitter user you want to follow,To7N8syP5Yc,Bianca+Gonzalez+Speech
MS.Dhoni Inspirational Speech for Indian Youth 2016,MS4DE2BNfsY,Mahendra+Singh+Dhoni+Speech
"Piers Morgan on his friend Donald Trump, tells snowflake liberals to get over it",yZGrL7MiUYs,Piers+Morgan+Speech
GRAMMYs Live - Skrillex accepting his FIRST GRAMMY,pA_X9uaM2pg,SKRILLEX+Speech
Virender Sehwag retirement speech video,TBhQ67jUZgU,Virender+Sehwag+Speech
DUZ√ÉO PERDEU O BV? & ESCOLTANDO JORGE E MATEUS,ge9VvS-lZNc,Jorge+&+Mateus+Speech
Aluna in Malaysia,bN9SOn1fMy4,Aluna+Sagita+Gutawa+Speech
Alan Sugar's - Words of wisdom,BfDnjayhJ4w,Lord+Sugar+Speech
"Aaron Paul wins an Emmy for ""Breaking Bad"" 2014",uFHIEynduqM,Cyprien+Speech
Chris Paul Motivational Speech at 2017 CP3 NMSC Camp - Chris Paul Basketball Advice,qyvbRMElvwg,Chris+Paul+Speech
Jamie Foxx Wins Best Actor: 2005 Oscars,y2a1nzAciMc,Jamie+Foxx+Speech
Speech by Rubina Irfan at the WIP Annual Summit 2013,AFwKjcXCXAE,Irfan+Bachdim+Speech
KC Concepcion beautiful speech in Global Youth Summit,ATJcYOLGS9I,KC+Concepcion+Speech
Daniel Padilla acceptance speech for winning Best Actor at 33rd PMPC Star Awards for Movies,5KNmif0VckY,Daniel+Padilla+Speech
Marcelo Vieira 2017 ‚óè marcelo story ‚óè marcelo viera Skills ‚óè Marcelo Wife | HD,9L-MKZjYRcE,Marcelo+Vieira+Speech
Michel Tel√≥ & Neymar Singing - Ai Se Eu Te Pegoc 1080 HD,b7LOcV3ovfY,Michel+Tel√≥+Speech
TWBA: Fast Talk with Luis Manzano,72WlaVEpE1o,Luis+Manzano+Speech
Paramore - Hayley's Speech live @ Arena Wien 29.06.2017 (HD),DF7WWltIpHM,hayley+from+Paramore+Speech
Inglourious Basterds (2/9) Movie CLIP - One Hundred Nazi Scalps (2009) HD,eOcimzsviFA,DON+OMAR+aka+KONG+Speech
Steve Carell's That What She Said Speech,LadKEstUlaA,Steve+Carell+Speech
Neil deGrasse Tyson on Knowledge vs. Thinking,NwoohzjscHY,Neil+deGrasse+Tyson+Speech
Don Omar Ft Wisin & Yandel - My Space (Audio),kLC4XTFrLYo,Wisin+Y+Yandel+Speech
Noel Schajris Quinceanera.com interview.flv,BI73zjla4xA,Noel+Schajris+Speech
Rev Run Speech,DAJUqNMT_vY,Rev+Run+Speech
Sandra Dewi and Harvey Moeis' Wedding Ceremony,8uZD12Hi0h0,Sandra+Dewi+Speech
Amr Diab - Interview at Africa Music Awards | ŸÑŸÇÿßÿ° ÿπŸÖÿ±Ÿà ÿØŸäÿßÿ® ÿ£ÿ´ŸÜÿßÿ° ÿ™ÿ≥ŸÑŸäŸÖ ÿ¨ÿßÿ¶ÿ≤ÿ© ÿßŸÑŸÖŸäŸàÿ≤ŸÉ ÿ£Ÿàÿ±ÿØ 2009,4pHEL9wFSxk,Amr+Diab+Speech
Speech Jammer Challenge with Shawn Mendes & Tyler Layne,PqUlYbXzUKY,Shawn+Mendes+Speech
BRAZILIAN TRIES TO SPEAK GERMAN,tjJCDtN7MV4,Felipe+Neto+Speech
Teri Polo Receives the Ally for Equality Award,46jj7CK9zEQ,Polo+Polo+Speech
"Gloria Trevi Cama y Mesa, speech, and Las Peque√±as Cosas Live El Paso, Texas 11/19/16",vShZHic_AhI,GloriaTrevi+Speech
Chief Justice TS Thakur breaks down before Narendra Modi during his speech,mb6hr8ZzEVs,Vijay+Mallya++Speech
5 Seconds Of Summer - Ashton's Speech & Jet Black Heart live from The Broken Scene,xQ5D1biehXQ,Ashton+Irwin+Speech
Richard Turere: My invention that made peace with lions,RAoo--SeUIk,Young+Olu+the+Genius+Speech
Concierto Chino y Nacho en Londres,yHhfTjrLm7s,Chino+y+Nacho+Speech
EIC: Atul Khatri on Indians Traveling to America,1III07Eb1VM,Riteish+Deshmukh++Speech
Lamar Odom wins Sixth Man award,MWXrGfg0jmc,LAMAR+ODOM+Speech
SHOW DE ANIVERS√ÅRIO DA PRETA GIL | Estilo Bif√°sico,e8nU072k-t8,Preta+Gil+Speech
RONALTOM E MILTON NEVES PARTE1/2,IAyp0CT9Z_A,TOM+CAVALCANTE+Speech
"Randy Orton emerges with a special message for Sheamus: SmackDown, July 9, 2015",tsbvZd0UG2Y,Randy+Orton+Speech
Shock G And DJ King Assassin #2Pac #UnderWater @HumptyFunk #MAKAVELI2016,eEj6A_6d7bI,DJ+KING+ASSASSIN+Speech
NET. ONE Anniversary - Breakthrough Artis of The Year | NET ONE | NetMediatama,4OyaNMypZ6c,Gading+Marten+Speech
Pauly D Part 1 | The Eric Andre Show | Adult Swim,j64HkhGMY3U,DJ+Pauly+D+Speech
Camp Lucero Visit (Speech) 6/6/2017,pelXB1rfHes,Lucero+Speech
Paula Abdul's 'Idol' finale speech to Simon Cowell,fkBfqtqesg4,Paula+Speech
Kevin Spacey - Motivational speech,dqUDe3XH17c,Kevin+Spacey+Speech
TIME Magazine Interviews: Ozzy Osbourne,PHxx-e62zVI,Ozzy+Osbourne+Speech
Adam Schefter named honorary captain for Michigan home opener,16lMZ9ENu1s,Adam+Schefter+Speech
Gary Lineker best man speech 22 Dec 2014,XTxtcNGu190,Gary+Lineker+Speech
Vhong Navarro is back on It's Showtime,jn80YF5ptL8,Vhong+Navarro+Speech
TWBA: Fast Talk with Cristine Reyes,h4pt8LH6FsE,Cristine+Reyes+Speech
Jordin Sparks Speech about LGBQT Love (Miami Gay Pride 2016),vvwi6HbgxsY,Jordin+Sparks+Speech
Julia Perez-Hoynak Informational speech,VOsC8UrlX3c,juliaperez+Speech
Rainn Wilson USC Baccalaureate Speech | USC Baccalaureate Ceremony 2014,AnjGSsmgz8Q,RainnWilson+Speech
S√ºper Konuk: Sƒ±la - Part 3,HrVpBCtCpaA,Sƒ±la+Gen√ßoƒülu+Speech
Commencement 2014: HM Queen Rania Al Abdullah Commencement speech,djnV4buQyZc,Rania+Al+Abdullah+Speech
"Kumail Nanjiani ‚Äô01, 2017 Grinnell College Commencement Address",C5Y8prO5bvs,Hulya+Avsar+Speech
Finding Home Through Poetry | Najwa Zebian | TEDxCoventGardenWomen,rNRygxe_8Ys,Najwa+Karam+Speech
V√≠ctor Vald√©s (Marlon Becerra Entrevista),QxmTmlsvzEw,Victor+Valdes+Speech
Jamel Debbouze - Le sketch du mariage,oGdpvBGgXDQ,Jamel+Debbouze+Speech
Julia Montes speech at the Gawad Tanglaw 2016,UhtJxtM-HRY,Julia+Montes+Speech
Player of the Year Awards 2014,QGqcDCdbGLw,Eden+hazard+Speech
Ajay Devgan Full Speech | Smile Foundation New Campaign Launch,pcL2Gz3Hh-c,Ajay+Devgn+Speech
Victoria s Secret Angel Miranda Kerr makes a speech to begin the Gillette Venus Step,yv-hoRAi7NA,Miranda+Kerr+Speech
Pete Cashmore and Luciano Huck speak at Rio + Social (PART 1),0LLtelW5jwQ,angelica+huck+Speech
Gary Barlow's speech at GQ Men of the Year Awards 2012,qlIBq-DFYwg,Gary+Barlow+Speech
Shilpa Shetty Full Speech | 'The Great Indian Diet',oCNfY6fYkGQ,SHILPA+SHETTY+KUNDRA+Speech
Recibe Aristegui premio Premio Knight de Periodismo 2016 (Discurso) - Aristegui Noticias,CbHsq0dO-5s,Carmen+Aristegui+Speech
Bill Cosby Famous Pound Cake Speech,_Gh3_e3mDQ8,Bill+Cosby+Speech
Tony Hawk's Top 10 Rules For Success (@tonyhawk),h31PN2BoqVM,Tony+Hawk+Speech
Noah speech,2qXqUIQcL1Q,Noah+Everett+Speech
Andrea Legarreta opina sobre el dolar,a16sF1q9thg,Andrea+Legarreta+Speech
Tyler Perry at Tuskegee University Commencement 2016,_KvW77HaL-8,Tyler+Perry+Speech
Julieta Venegas recibe el Latin Grammy por Mejor Disco Pop Rock del a√±o,mtvvP01syQc,Julieta+Venegas+Speech
Bipasha Basu Full Speech | Launch Of Springfit Mattresses Autograph Collection,ytzwh96NS5k,Bipasha+Basu+Speech
"""Gangnam Style"" Singer PSY Visits Harvard",wJKjsb_A8M4,PSY+Speech
Cara Delevingne interviewed by Rupert Everett,umlJgWK_Xxo,Cara+Delevingne+Speech
Alan's Speech,pdSArUWt0fo,zach+galifianakis+Speech
@SnoopDogg @YMCMB_BW  @Nelly_Mo @UsherRaymondIV JODECI & R.I.P NATE DOGG,v_vlpCpPrOA,Nelly_Mo+Speech
Arctic Monkeys South Bank Awards Speech,Dq-9m-T0ngw,Kelly+Osbourne+Speech
Yordi Rosado - Conferencia - Autoestima,eS4NG6vuXY4,Yordi+Rosado+Speech
Eddie Izzard -  Ich Bin Ein Berliner,5mu02xUgE4k,Eddie+Izzard+Speech
Kapil‚Äôs view on banned 500-1000 currency notes -The Kapil Sharma Show‚Äì12th Nov 2016,0OpCASiMq5Y,KAPIL+Speech
Dede'den C√ºneyt √ñzdemir'e: Ba≈üƒ±n saƒüolsun,Oa62jnjBB0k,c√ºneyt+√∂zdemir+Speech
Motivational Speech by Joel Osteen - Live With Confidence,HOD4zSWo1kw,Joel+Osteen+Speech
Dylan O'Brien - Young Hollywood Awards 2014,hWIS4jjci38,Dylan+O'Brien+Speech
Yƒ±lmaz Erdoƒüan AACTA Awards'da 'En ƒ∞yi Yardƒ±mcƒ± Erkek Oyuncu',32DMSKSq0ok,Yƒ±lmaz+Erdoƒüan+Speech
Preity Zinta at the University of East London receiving an Honorary Doctorate,mNJhKLia_2w,Preity+zinta+Speech
Roger Federer Australian Open winning Speech 2017 & Trophy Presentation,ICpsSk-NvD8,Roger+Federer+Speech
Lorde Wins Best Pop Solo Performance | GRAMMYs,hXm-3DJTGZw,Lorde+Speech
green day SPEECH [HD],QSt5hTkfRWo,Green+Day+Speech
PSG's Lavezzi joking with the French Ligue President - Ligue 1 - 2013/2014,czJMrpbWqi0,Ezequiel+Lavezzi+Speech
Jack Whitehall and the Queen's speech - Would I Lie to You?  [CC],Q02_7qrIeFY,Jack+Whitehall+Speech
"""Weird Al"" Yankovic Wins Best Comedy Album | GRAMMYs",VF9uuPrl08o,Al+Yankovic+Speech
"Alejandro Fernandez. Speech + No lo beses, Alicante 22 Julio 2010",h2keX3JY5Fc,Alejandro+Fernandez+Speech
Speech Jammer Challenge With Shane Dawson,3y6ZuiEAV4M,Jenna+Mourey/Marbles+Speech
MAITE PERRONI HITTING AN EFFORTLESS D6 (LIVE),p73-ArGwqo0,Maite+Perroni+B+Speech
Shreya Ghoshal Interview Part 1- ZEE TV USA,tkuX35wBEP8,Shreya+Ghoshal+Speech
Ragheb Alama's speech at Georges Washington University,TvGojlWgVB0,Ragheb+Alama+Speech
Wyclef Jean Speech,yUov4bSdKHg,Wyclef+Jean+Speech
Scooter Braun Speech at the One Love Manchester Concert,N0GwyYAp4WM,Scooter+Braun+Speech
"Daily Press Briefing: March 20, 2014",zG728i_apxM,Adela+Micha++Speech
obama vs tiesto best speech ever(manny mix),RqSB-H66_jo,Ti√´sto+Speech
Hate To See Your Heart Break - Hayley' Speech [Parahoy] (Subt√≠tulos en Espa√±ol) | Liza Byron,E35PFZQ86kg,PARAMORE+Speech
Kevin speech on climate and environment 2017,WyER8re-SGc,Kevin+Aprilio+Speech
Ashley Benson Hockey Speech,fewIIGQmSgY,Ashley+Benson+Speech
Kate Beckinsale Teaches Stephen To Speak Russian,DWmUHNpOJxI,Ivan+Urgant+Speech
Mat Norman's amazing best mans speech,6wm-eJGkeYI,Norman+Thavaud+Speech
"QRT: PNP Chief Dela Rosa, hindi raw nagkukulang sa paalala sa protocol sa kanyang mga tauhan",M8dB4YY1nYw,IyaVillaniaArellano+Speech
Evolution of Usain Bolt's Races | 2004 ‚ûî 2017,INQ14zXQGoU,Usain+St.+Leo+Bolt+Speech
Lance Armstrong Paris,cNfV4XxKXrA,Lance+Armstrong+Speech
Paul Wesley and Ian Somerhalder behind the scenes,p_YK1MI1Sv8,Paul+Wesley+Speech
√Ålvaro Arbeloa Farewell vs Valencia Home HD 1080i 08/05/2016,PN3wjd-6oI8,√Ålvaro+Arbeloa+Speech
Paul Pierce's Speech,FJCRKMXHmd8,Paul+Pierce+Speech
Joseph Gordon Levitt - Great Informative Speech Web Summit,PR-bHD41yRA,Joseph+Gordon-Levitt+Speech
Hamza Namira | Ensan - Human | English Subtitles (Motivation Song),tHhGjPQvbpw,Hamza+Namira+Speech
Madhuri Dixit-Nene & Dr. Shriram Nene | Talks at Google,H1XplZAvTQA,Madhuri+Dixit-Nene+Speech
Jennifer Hudson winning Best Supporting Actress,IvclyTi6UcA,Jennifer+Hudson+Speech
Mark Cuban at USC | Full Interview | 2015,fs9Gr8Gj6Cg,Mark+Cuban+Speech
"Dr. Mehmet Oz  talking about  his Turkish identity, and religion Islam",Bw99pmQRgRM,Dr.+Mehmet+Oz+Speech
Belinda's speech on her 1st holy communion celebration,JlXWtz_Bi38,Belinda+Speech
"Forgive Me God, Change Me",Yv47bsO9b5U,Joyce+Meyer+Speech
MotoGP‚Ñ¢ Assen 2013 -- Valentino Rossi interview,kjH_-lbAN-E,Valentino+Rossi+Speech
Arif Mohammad Khan Speaking About Sir Syed Ahmad Khan,wRRIh2UvGTg,ariefmuhammad+Speech
G√úLBEN ERGEN HAFTALAR SONRA ƒ∞LK KEZ G√ñR√úNT√úLENDƒ∞!!,wZLbEEs69q4,G√ºlben+Ergen+√áelik+Speech
Taraji P. Henson Talks Equal Pay In Hollywood,VTPC4cd7kqk,Taraji+P.+Henson+Speech
ElBaradei Nobel speech 1 of 2,ez9gPkHdFJk,Mohamed+ElBaradei+Speech
Jim Carrey in Pentagon Briefing Gulf War - In Living Color,M3ohnZNY3QE,Jim+Jones++Speech
Joel McHale at the 2014 White House Correspondents' Dinner (HD Complete),idrrdgjETxY,Joel+McHale+Speech
Gold Derby Jane the Virgin Star Jaime Camil,h-r-Nj-tIE4,Jaime+Camil+Speech
ALINE BARROS - EXTENS√ÉO VOCAL (D3-A6),_Skl5Fi2zi0,Aline+Barros+Speech
"Hero Nani Speech @ Ninnu Kori Movie Pre-Release Event  || Nani, Nivetha Thomas, Aadhi Pinisetty",eJCQgSb-LQ4,Nani+Speech
George R Willy speech to President Rajapakse,KZA0EitKy3U,Willy+Speech
Ahmet Hakan Speech Contest,DfHsq7gmhQM,ahmet+hakan+Speech
"Invisible + Speech (Live in Toronto, ON) - Big Time Rush",reSpUR8PLnk,Big+Time+Rush+Speech
Tio Pedro's Speech & Song - Rodriguez Reunion 2009,-Z6J9E75ACk,Pedro+Rodr√≠guez+Speech
Sam Smith thanks ex boyfriend for Grammy success ‚Äìvideo Music,ceDuubY_ouw,SAM+SMITH+Speech
Phillip and Holly Struggle to Recover From Their NTA Win! | This Morning,nbLLnPcvgEw,Phillip+Schofield+Speech
Emily Osment's speech,W0Y-y6pvheU,Emily+Osment+Speech
TWBA: Enrique talks about his dad,AHZf22TiNNo,Enrique+Gil+Speech
TWBA: Who is Sam Milby's great love and first love?,os10Q9F5YdQ,Sam+Milby+Speech
Mourinho tells funny Balotelli story,AwXgfBzK_L4,Mario+Balotelli+Speech
Dolly Parton Delivers Commencement Address at the University of Tennessee 2009,EuOm2lLIOoU,Dolly+Parton+Speech
Chris Moyles meets Liam Gallagher,UoBoD2xll1Y,Chris+Moyles+Speech
BRAD TOUR WINTER 2011 PROMO/  2010 CMA AWARD ACCEPTANCE SPEACH!,g4rRrAVG2XM,Brad+Paisley+Speech
[FNAF SFM]   Freddy's Speech,JWJn0z3Zo-g,FREDDY+Speech
Your body language may shape who you are | Amy Cuddy,Ks-_Mh1QhMc,Franco+De+Vita++Speech
Haifa Wehbe in Monte Carlo 2015,x0TwAIBBvRc,Haifa+Wehbe+Speech
other peoples money danny devito,62kxPyNZF3Q,Danny+DeVito+Speech
Rob Dyrdek - Success Secrets,xuyLVUVDoxw,Rob+Dyrdek+Speech
SPEECH -  Jenni Jwoww Farley and Nicole Snooki Polizzi ta...,Kz0MtTRLsw0,JWOWW+Speech
Lata Mangeshkar At Star Guild Awards-2013,ghZ_aTyrdhg,Lata+Mangeshkar+Speech
"Shania Twain - ""Now"" Promo for Paula Fernandes (Brazilian singer)",sEuBIWj7dwY,Paula+Fernandes+Speech
Speech Composing SYAHRINI - Bunga-Bunga (I FEEL FREE) @EkaGustiwana,-Q7Ae1qVquk,Syahrini+Speech
Jason Derulo Interview on Meredith Show 6.2.2015,_2ncqZeDQPg,Jason+Derulo+Speech
Speech Jammer Challenge with Mark | Zoella,06KEOnRt50o,Zo√©+Speech
ESSE CABELO √â SEU BRUNO GAGLIASSO? | Estilo Bif√°sico,yVT6Ahnh0GE,Bruno+Gagliasso+Speech
Arnold Schwarzenegger - Gym Motivation - Motivational Speech,xoXYe9e01_Y,Arnold+Speech
"Carona do GE: Neymar fala sobre Sele√ß√£o, Messi e Bruna Marquezine",04zj77Rrr0Y,Bruna+Marquezine+Speech
Stand By Me- Niall Horan From One Direction & Josh Devine,52zr7t4qkek,Josh+Devine+Speech
Speech of the Miracle Parrot,Ah5rIDBHrN8,kesha++Speech
Russell Simmons Honored at the 2017 EMA Awards,QjzwaV75Tiw,Russell+Simmons+Speech
Jake T. Austin Claims DWTS Is RIGGED & Fans React,SrtSWxu3FCI,Jake+T.+Austin+Speech
Singer Tulisa denies drugs charges in court,UY5lDlFyevw,Tulisa+Contostavlos+Speech
Louis Tomlinson REKINDLES Relationship With Ex Eleanor Calder Two Years After Split,vkn3mbX04lo,Eleanor+Calder+Speech
Chad Johnson makes his case for the Hall of Fame | UNDISPUTED,HGZBDGR6g1M,Chad+Johnson+Speech
Chris Rock's Opening Monologue,kqhVNZgZGqQ,Chris+Rock+Speech
Mourinho cries after sneijder speech . English,8obPwoSQKuo,Wesley+Sneijder+Speech
"John Cena vs. Randy Orton - ""I Quit"" WWE Title Match: WWE Breaking Point 2009 on WWE Network",mhO_BGU9DMs,SEAN+KINGSTON++Speech
"El Ma√±anero, Avances 07 noviembre.",WFuhgbCqYJg,brozo+xmiswebs+Speech
Elle Stil √ñd√ºlleri - Yƒ±lƒ±n Erkek M√ºzik Starƒ± ; MURAT BOZ (2012),hkT22yjqvvw,Murat+Boz+Speech
OMG! I Lost It! | Talkshow with Daniel Mananta,wTXb_TmtHQ8,VJ+Daniel+Mananta+Speech
James Franco at Cornell Senior Convocation | Commencement 2016,c5YVw_PifGA,James+Franco+Speech
"Sydney White 2007 with Amanda Bynes, Sara Paxton, Matt Long movies   YouTube",MPAHAnDHHgg,amanda+bynes+Speech
IV Jantar Filantr√≥pico AMPARA Animal,FqHnS_ENzLk,Fe+Paes+Leme+Speech
Ana Maria Braga - O Menino de Meias Vermelhas,r2uXZCGLlag,Ana+Maria+Braga+Speech
Suge Knight MC Hammer 2Pac - August 1996 Brotherhood Crusade Rally (New Speech on Voting),hEjM7yczo74,MC+HAMMER+Speech
Gisele B√ºndchen's speech at UNEP's Champions of the Earth Award Ceremony 2013,aOZiFugl2hs,Gisele+B√ºndchen+Speech
Sir Alex Ferguson Farewell Speech 5/12/2013 [Official],v5Dvw2HhVyc,Fergie+Speech
JOHN BRICENO SPEECH ABOUT RALPH FONSECA AND BUSINESS OWNERS ON CRACK COCAINE,aBPGITwdMl4,Fonseca+Speech
Highest IQ - Rick Rosner,lcDfoo76dKY,Rick+G.+Rosner+Speech
"Sogok Olga 5 Juta, Ayu Dewi Menang Award",aAi4v1ZN2hk,Ayu+Dewi+Speech
Nelly Furtado - Powerless (Africa Remix Live @ We Day 2011) + Speech,3tOvx69_USY,Nelly+Furtado+Speech
It's Showtime: Vice and Kuya Kim's preparation,XH0ecoilc0U,kim+atienza+Speech
Nikki Gil Part 1.mpg,1Kr_UWGG7U4,Nikki+Gil+Speech
Donald Trump Nativist Speech Follows Dark US Pattern | Rachel Maddow | MSNBC,ucPuhZKty4g,Rachel+Maddow+MSNBC+Speech
Questlove Remembers When Jimmy Won The Roots Over,Vq3xDorarc8,Questlove+Gomez+Speech
"El Show de Erika, Casi Late Night - [27/04/2014] - Parte V",kW--LZMFYsk,Erika+de+la+Vega+Speech
"Romeo Santos On Working with Drake, Nicki Minaj and Marc Anthony",c4rzZa-lWis,Romeo+Santos+Speech
Yuvraj singh 7 rules of success Inspirational speech | Motivational interview,mCHgHhud-m8,yuvraj+singh+Speech
Travis McCoy Speech,iu5IrnbQr6Y,Travie+McCoy+Speech
SPEECH: Lauren Conrad at Lucky Magazine Hosts FABB: Fashi...,EXIBZaJfJX0,Lauren+Conrad+Speech
David Silva Montessori speech,9S6jJqvem-I,David+Silva+Speech
CAIO CASTRO SENSUALIAZANDO,xVxwwHLkz7M,Caio+Castro+Speech
N√£o tem hora nem lugar Rodriguinho part. Thiaguinho Ac√∫stico Semana Maluca,XoZLzK8ypM8,THiaguinho+Speech
"Minimal "" Meet & Greet with Titi Kamal """,Z9GNX4NOE9s,Titi+Kamal+Speech
Volya speech 2,1EdKwby306A,Pavel+Volya+Speech
Rial advierte,HW9LxkTs8RU,JORGE+RIAL+Speech
"Web 2.0 Summit 09:  Brooke Burke, ""A Conversation with Brook",IhGPWKjPgBw,Brooke+Burke-Charvet+Speech
Peter Andre Breaks Down On TV While Talking About His Kids,ybiM51194MA,Peter+Andre+Speech
Kroos and Bale speaking spanish on the stage,BIgynGmqhWg,Toni+Kroos+Speech
MUSTAFA CECELI | VEGAS CITY HALL | 22 –ù–û–Ø–ë–†–Ø –ö–û–ù–¶–ï–†–¢ –í –ú–û–°–ö–í–ï,00ZY7ZCozN4,Mustafa+Ceceli+Speech
Giuliana Rancic Interviews Martha Stewart at Intuit QuickBooks Connect - Martha Stewart,eFqR70sIDEA,Giuliana+Rancic+Speech
130131 37 20Ôºö12 Super Junior Siwon Yesung Ryeowook EXO K @ Seoul Music Awards 2013 speech,FBQx5B08cvM,Yesung+Speech
Yawning Joey Essex bored by Clegg speech,Cw2L2nonNPQ,Joey+Essex+Speech
Heidi Klum: I'm Not Voting for Donald Trump!,akS2dSd_k1Y,Heidi+Klum+Speech
Emma Stone Oscars Speech for Best Actress Win | Oscars 2017,vLIc6JGA_Po,LA+LA+Speech
Harry Styles Walks Down the Wedding Aisle!,ixzJYUUNos8,Gemma+Styles+Speech
Al Mustafa Scouts (Agha Jawad Naqvi),Ex_X8-iUhyA,+Mustafa+agha+Speech
Emma Watson to United Nations: I'm a feminist,c9SUAcNlVQ4,Emma+Roberts+Speech
Busta Rhymes Disses Trump at Grammys 2017,Xyp3quVjUe0,Busta+Rhymes+Speech
Nathan Fillion 100th Castle Episode Speech,r4kAx4O31c8,Nathan+Fillion+Speech
Justin Bieber's mom talks suicide attempt,fMQgHJKHfSQ,Pattie+Mallette+Speech
Do you Really Want This Money?!! - MarQuis Trill (Motivation),byVSJGyFgJw,MarQuis+Trill+Speech
Matthew Espinosa Edit üíó,IkUJa3e7_I8,Matthew+Espinosa+Speech
"Fabolous Speech By an Aligarian , Salman Khan Alig..... 2015",gdJPAantjJM,Fabolous+Speech
2015 Kia Optima Blake Griffin Commercial | ‚ÄúSpeech‚Äù | Official NBA Partner,0DOU1Wqalgo,Blake+Griffin+Speech
The Ultimate Fighter Look Back: Do You Want to be a Fighter?,ixSQm053XaY,Dana+White+Speech
ESPINOZA PAZ Y YESSENIA FIGUEROA EN VIVO,sauDqmDg1f8,Espinoza+Paz+Speech
Tiffany says Hi! @ #SFW14,97Nrfgu4ffE,‡∏ô‡∏¥‡∏ä‡∏Ñ‡∏∏‡∏ì+Buck+‡∏´‡∏£‡πÄ‡∏ß‡∏ä‡∏Å‡∏∏‡∏•+Speech
Seth Rogen Opening Statement (C-SPAN),UHqx3-mfHAY,Seth+Rogen+Speech
Wimbledon 2012 Final ( Andy Murray's Speech),WzCB4YQXPeM,Andy+Murray+Speech
Chatting Up Women - John Bishop's Britain - BBC One,l2xLAi2kPho,John+Bishop+Speech
Lali Esposito habla de Israel,xQrnEVd_Rgo,Lali+Esposito+Speech
SPEECH COMPOSING Deddy Corbuzier - Pesan Untuk Pembunuh Angeline (@EkaGustiwana),XF37e0sqmd4,Corbuzier+Speech
Konu≈üma / Talk: Susan Hapgood & Cornelia Lauf,6RIPqGooDLk,Dr+Elio+Keller+Speech
"David K Williams Jr., CO Attorney General Candidate - Constitution Day Kickoff",VUh4DtWqNX4,DavidKWilliams+Speech
Behind the scenes with Mark Wright and Michelle Keegan as they count down to their big day,DzsXoji7Eq0,michelle+keegan+Speech
Slash's speech for Lemmy Memorial Service 09/01/2016,PQtnSsvTGWI,Slash+Speech
deadmau5 admits he's Canadian & humps Tommy Lee's Leg,AVcYhQzDv68,deadmau5+Speech
"Bruno Ierullo ""The Last Rebel"" in under 5 minutes",7DS1tGY-NP0,BRUNO+IERULLO+Speech
Noah Movie CLIP - Creation Sequence (2014) - Darren Aronofsky Movie HD,FFCXHr8aKDk,NOAH+Speech
Michael Owen's Liverpool regret?,ZATKNehKtoo,michael+owen+Speech
Drake Bell speech at The First Project,RkohktCcEL0,Drake+Bell+Speech
Ansel Elgort - Teen Choice Awards 2014! Acceptance Speech,JQmX7xbtE8c,Ansel+Elgort+Speech
Ellen Page on Coming Out,bpcRO2f4rQE,Sara+Bareilles+Speech
Matt Pokora - speech avant C≈ìur voyageur @ Vienne - th√©atre antique 17 juillet 2015,t2brJw0scwY,Matt+Pokora+Speech
Tito El bambino in Mobile Al,5rjyGEHLadM,Tito+El+Bambino+Speech
Marco Asensio Speech after winning against Barcelona,S2S4eDFzFGE,ISCO+ALARCON+Speech
Steve Bannon Destroyed the Comatose Charlie Rose on '60 Minutes',kpM247rU94A,Alejandro+Vigilante+Speech
MY STRUGGLE - Motivational Video,bwBbwLKtahg,Manuel+Neuer+Speech
Kev Adams Full Speech |  Special Evening With Kev Adams And Vikas Bahl,sdcNaS-hGaw,Kev.Adams+Speech
C-SPAN: Seth Meyers remarks at the 2011 White House Correspondents' Dinner,7YGITlxfT6s,Seth+Meyers+Speech
[ENG SUB] HD 160121 Leeteuk and Kangin Award speech - GDA Disk Bonsang Super Junior,UlG-a7MDVUg,Lee+Teuk+Speech
Gracious Janet Jackson commending so many standing ovations in one speech,Mx5OUhr48YQ,Janet+Jackson+Speech
Discurso de Pau Gasol ante el COI | Madrid 2020 (Pau Gasol speech | Madrid 2020),SX-fN1Wvfaw,Pau+Gasol+Speech
Bill Maher @ Berkeley 2014 Winter Commencement,NP1wJvuA-Dk,Bill+Maher+Speech
J Balvin - 2016 Hispanic Heritage Awards,-ogmNowdbPo,J+BALVIN+Speech
"Adam G√≥recki speech Rola i kompetencje lider√≥w. O przyw√≥dztwie, byciu liderem, zarzƒÖdzaniu zespo≈Çami",bNRih6pVXPE,ROLA+Speech
Coach Carter (6/9) Movie CLIP - Our Deepest Fear (2005) HD,2_fDhqRk_Ro,Mr.+Carter+Speech
Vinny: Snooki changed drastically,rqXzTWzgzUE,Vinny+Guadagnino+Speech
Ms. Lea Salonga's Speech,8nk0ibKwp8M,Lea+Salonga+Speech
"Robin Williams - Speech From ""Jack"" RIP",N9Kczkj15qM,Jack+Speech
Manu Ginobili speech at Tim Duncan jersey retirement,V_o6A6w9SJY,Manu+Ginobili+Speech
"Anne Curtis, Solenn Heusaff at Georgina Wilson fight for one guy!",jb4TtuFNi58,Georgina+Wilson+Speech
Comm150 persuasive speech Gerardo Bracamontes,KnZHa7oHufE,JACKY+BRACAMONTES+Speech
President Omar Hassan al-Bashir of Sudan speech in Juba after Reik Mashar coup attempts,ExZWQJ-P8-o,Reik+Speech
Dane Cook Gets Robbed By Brother,1kJ1EtybvR8,Dane+Cook+Speech
Jerry Seinfeld - All Awards Are Stupid,8u-dxn8IgQo,Jerry+Seinfeld+Speech
Genelia D'Souza Full Speech | Baby And Mother wellness Centre,rkNw1sPthyQ,Genelia+Deshmukh+Speech
"""David Copperfield"" - Live Speech At The Croods Premiere",u61yaXJCLrI,David+Copperfield+Speech
Tracy Morgan Emmys Speech 2015,-7mt05qccl0,Tracy+Morgan+Speech
MILO Appears on Dr. Drew 6/16/17,POBe6KW7s-c,Dr+Drew+Speech
Karma - The Speech,sLw9iYztmRM,Felipe+Andreoli+Speech
Logan Henderson Palm Reading,5ymq48oBJMs,Logan+Henderson+Speech
Ibrahimovic in tears while giving a speech about two Swedish footballers and brother who passed away,MjS_32cWzQ0,Zlatan+Ibrahimoviƒá+Speech
FUNNIEST SONGS EVER (Bonus),esi9WkMr7Lk,Smosh+Speech
M√©nage √Ä Trois  || Toronto's Official Black Bottle Boys Event!,7U3QYi12nA4,BlackBottleBoy+Speech
Caitlyn Jenner's Moving Speech at the ESPY Awards | Nightline | ABC News,HYj4_-EroNo,Caitlyn+Jenner+Speech
Common & John Legend Acceptance Speech Oscar 2015,KKcIYLmOaPQ,COMMON+Speech
The Suso`s Show Promo Full Campaign.,iw-5kd1l3HY,Suso+el+Paspi+Speech
Yetkin : The secret of Erdogan's success - TOP STORY,nMsm5c_jMq4,H√ºrriyet+Yazarlar+Speech
Amber Rose Breaks Down Crying Over Wiz Khalifa & Kanye West At Slut Walk - 10.3.15,3xhED-DLSco,Amber+Rose+Speech
Jacqueline Fernandez Full Speech At Panbai International school,BO3AxEWyQho,Jacqueline+Fernandez+Speech
Karim Benzema: Come back to national team?,PInLdDJ60vc,Karim+Benzema+Speech
Martha Stewart's Top 10 Rules For Success (@MarthaStewart),_fT2K0oMwm8,Martha+Stewart+Speech
James Maslow and Big Time Rush on KTLA Morning Show,LdYrfWipg8o,James+Maslow+Speech
"Loon, Napoleon et Freeway, des stars converties √† l'Islam. Morsay La Fouine Mister You Rohff,Quand?",9IHw_WjkM2c,lafouine+Speech
Matthew McConaughey winning Best Actor,wD2cVhC-63I,Oscar+Speech
Susana Pena Final Speech,AXQa2ZwbPV4,Susana+Gimenez+Speech
David Henrie's speech in Peru (Piura),UilBVDuF0uk,David+Henrie+Speech
SHOCKING KARAOKE,7gecZtUevuA,Caspar+Lee+Speech
steve aoki speech at dwp14 Jakarta,wNL0SgBROss,Steve+Aoki+Speech
Boa Faqeer speech at chaqchan,mtCcA0JzZj8,BoA+Speech
–ß–∏—Å—Ç–æ—Å–µ—Ä–¥–µ—á–Ω–æ–µ –ü—Ä–∏–∑–Ω–∞–Ω–∏–µ. –û–Ω —Å—Ç—Ä–µ–ª—è–ª –≤ –ë—Ä–µ–∂–Ω–µ–≤–∞,WA91LnlxEfo,–í–µ—Ä–∞+–ë—Ä–µ–∂–Ω–µ–≤–∞+Speech
Introducing Danielle Peazer,_p9ILVTvKOs,Danielle+Peazer+Speech
1-on-1 Interview with James Harden | NBA TV,mtaWNPvam30,James+Harden+Speech
Shruti Hassan unseen childhood speech about Kamal Hassan,bZ56Gwpfq6s,shruti+haasan+Speech
Joey Barton |  Homophobia in Football,hc_RlyIeHig,Joseph+Barton+Speech
Martina Hingis & Sania Mirza 2015 WTA Finals Final Speech,yb-P6YARb0Q,Sania+Mirza+Speech
"""Stone Cold"" gives his iconic ""Austin 3:16"" speech: King of the Ring 1996, only on WWE Network",tjWPoQWdmjg,Steve+Austin+Speech
[HD] 150128 GAON CHART AWARDS 2NE1 Dara Cut,usx5cH5R_nQ,Sandara+Park+Speech
FIT Commencement - Nina Garcia,HPjfbqC9B4M,Nina+Garcia+Speech
Sir Alex Ferguson & Faris Awad (Famous Arab Commentator) | [English Sub.] HD,VDf2DDtezv8,ŸÅÿßÿ±ÿ≥+ÿπŸàÿ∂+F.A+Speech
Imagine Dragons Live at The Trevor Project,8xLDDT5XnFs,Imagine+Dragons+Speech
Hayes Grier INJURED In Dirt Bike Accident,xfAxdP2dZf0,Hayes+Grier+Speech
Islamic Speech in Malayalam | ‡¥í‡¥≥‡¥ø‡¥ö‡µç‡¥ö‡µã‡¥ü‡µÅ‡¥®‡µç‡¥® ‡¥™‡µÜ‡¥ô‡µç‡¥ô‡¥≥‡µá..! | Hamid Yaseen  | Super Speech,Y0OlAqllSaU,SUPER+Speech
Los Pr√≠ncipes reciben las llaves de Miami y visitan la sede Univisi√≥n,JHnF-k1OBFM,Alberto+Ciurana+Speech
Pretty Little Liars Farewell Letter | Shay Mitchell,HpmHwM4yR8I,Shay+Mitchell+Speech
"SHIHA & ROSSA DUET, D'ACADEMY ASIA 26122015 FULL HD",PiUkTqpujFI,Rossa+Roslaina+Speech
Troye Sivan's Full Acceptance Speech l 28th Annual GLAAD Media Awards,PVf26HxleYo,Troye+Sivan+Speech
College Football: Reggie Bush returns Heisman Trophy,m5KfCxo_ttw,Reggie+Bush+Speech
ÿ£ŸÉÿ´ÿ± ÿßŸÑŸÜÿßÿ≥ | ÿØ.ŸÖÿ≠ŸÖÿØ ÿßŸÑÿπŸàÿ∂Ÿä | ÿßŸÑÿØÿßÿπŸäÿ© ŸÅÿßÿ∂ŸÑ ÿ≥ŸÑŸäŸÖÿßŸÜ,kbbDh6QfxLc,ŸÖÿ≠ŸÖÿØ+ÿßŸÑÿπŸàÿ∂Ÿä+Speech
Metallica accepts award Rock and Roll Hall of Fame Inductions 2009,LBI8DUhyQRs,Metallica+Speech
harsha Bhogle at IIM,kaw_bKOkULM,Harsha+Bhogle+Speech
"Meu Corpo, Minhas Regras - Olmo e A Gaivota / My Body, My Rules - Olmo and The Seagull",CafzeA-9Qz8,Juliana+Paes+Speech
"Manchester United 1-2 Juventus all goals, Gary Neville Testimonal at Old Trafford (24/05/2011)",7iAiEAVC3aE,Gary+Neville+Speech
Stephen Curry MVP Speech Full Length,fvJl02AziO0,Stephen+Curry+Speech
Tim Tebow Greatest Speech,U4VxVoYvqOw,Tim+Tebow+Speech
Lewis Hamilton - International Racing Driver of the Year - AUTOSPORT Awards 2014,Upm8Y-FrW28,Lewis+Hamilton+Speech
ONE WAY LADIES,dz4o4a0dOF8,Giovanna+Antonelli+Speech
Benicio Del Toro and Josh Hutcherson at the 23rd Annual GLAAD Media Awards #glaadawards,PI1oIDmGAXs,Josh+Hutcherson+Speech
Fernando Torres Speech Atlantis 2016 mp4,tSL0cSflKkI,Fernando+Torres+Speech
"Amr Waked in ""House of Saddam""",wo4UcUNo--w,Amr+Waked+Speech
How A Shy Dyslexic Kid Became A Bollywood Star | Boman Irani,0gOqkz5qqo0,Boman+Irani+Speech
Lena Dunham and America Ferrera's entire DNC speech,Xc8cFLME2Qw,Lena+Dunham+Speech
assi helani sa2alouni 2012,MTyxtK-e268,Assi+Hallani+Speech
Leigh Francis wins Entertainment Performance award for Celebrity Juice | BAFTA TV Awards 2016,x9aMaLYNBNg,Leigh+Francis+Speech
MARIA HINOJOSA INTERVIEWS WILLIE COLON,yTuH0QJQEdk,Willie+Col√≥n+Speech
#ÿ£ŸÜŸàÿ±ÿ™_ÿ£ÿ±ÿ∂ŸÉ .. ŸÉŸÑŸÖÿßÿ™ ÿ£ŸÖŸäÿ±ÿ© ÿßŸÑÿ∑ŸàŸäŸÑ+ÿ∫ŸÜÿßÿ° ÿ≠ÿ≥ŸäŸÜ ÿßŸÑÿ¨ÿ≥ŸÖŸä,sPgIWI0gm1A,Aljassmi+ÿ≠ÿ≥ŸäŸÜ+ÿßŸÑÿ¨ÿ≥ŸÖŸä+Speech
RARE SPEECH: First Lady Melania Trump at State Dept. International Women of Courage Awards (FNN),LeQFAa0JC4I,The+First+Lady+Speech
3 Adam - Kerem B√ºrsin'in Karizmatik ƒ∞ngilizcesi (2.Sezon 7.B√∂l√ºm),aGRXeCHPR98,Eser+YENENLER+Speech
Canada's Walk Of Fame 2014 The Weeknd receives the Allan Slaight award on TV!!,WwAd8RnKDNg,The+Weeknd+Speech
Pearl Jam Induction Acceptance Speeches - 2017 Rock Hall Inductions,yB1QrifcO3g,Pearl+Jam+Speech
Shawn Michaels Final Farewell Speech - Part 1,thA1HkJCuaI,Shawn+Michaels+Speech
Roast of Justin Bieber - Justin Bieber - Let's Get Serious,egXDTfOHcPE,Justin+Speech
Connors Pre Show Speech In New York,CUB3KrhK48E,The+Vamps+Speech
Steve Harvey 'Jump' Motivational Speech,B5AGuu6sDRQ,Steve+Harvey+Speech
"AB de Villiers on his autobiography titled ""AB""",9FjFF9fYk4s,AB+de+Villiers+Speech
Erin Andrews Civil Trial Plaintiff Closing Argument 03/04/16,_fYHvdODUuQ,Erin+Andrews+Speech
Distinguished Public Lecture by Mr. Rajdeep Sardesai,p4wtrBXIsPQ,Rajdeep+Sardesai+Speech
Emotional Chris Pratt at his Hollwood Walk of Fame Star,RjGIoVaI8C8,chris+pratt+Speech
"Gabrielle Union: ""you are worthy because you are here.""",kVlZI2QZ7pk,Gabrielle+Union+Speech
King's speech & Here I am,xkEelEpU3Gg,Sertab+Erener+Speech
Sonu Nigam ‡§Æ‡§∏‡•ç‡§ú‡§ø‡§¶‡•ã‡§Ç ‡§ï‡•Ä ‡§Ö‡§ú‡§æ‡§® ‡§∏‡•á ‡§®‡•Ä‡§Ç‡§¶ ‡§ñ‡§∞‡§æ‡§¨! ‡§¨‡§Ç‡§¶ ‡§π‡•ã ‡§Ø‡•á ‡§ó‡•Å‡§Ç‡§°‡§æ‡§ó‡§∞‡•ç‡§¶‡•Ä,ft_PxHCAKoE,Sonu+Nigam+Speech
Does Free Speech Offend You?,9vVohGWhMWs,Can+u+not+Speech
Jason Aldean's Full Speech In His First Show Since The Las Vegas Shooting,FR8AL3SD6io,Jason+Aldean+Speech
Mika Singh & Manish Paul at Gima Awards 2015,Eun9mIPI9V8,King+Mika+Singh+Speech
The 'Captain America: Civil War' cast join Chris Evans for a battle hymn.,NjkHPj5AXEU,Chris+Evans+Speech
Zappos' Hsieh: Building a Formidable Brand,yxKlK58gDrA,Zappos.com+CEO+-Tony+Speech
„Äê„ÉØ„Ç§„Éâ„Éä„Ç∑„Éß„Éº„Äë„Ç™„Éê„ÉûÂ§ßÁµ±È†ò„ÅåÂ∫ÉÂ≥∂„Å´„ÄÇÊùæÊú¨‰∫∫Âøó„Åå‚Ä¶,B14N5dJrR00,ÊùæÊú¨‰∫∫Âøó+Speech
"Reading & Leeds 2017: Jimmy Eat World talk Donald Trump, politics and new music",Ua0pzLHtINA,Jimmy+Eat+World+Speech
Mark Wright's emotional engagement party speech - The Only Way Is Essex,8X_ppylLLB8,Mark+Wright+Speech
The Second Presidential Debate: Hillary Clinton And Donald Trump (Full Debate) | NBC News,FRlI2SQ0Ueg,Cher+++Speech
Alyssa Milano SPEECH Lysa Heslov at the Children Mending Hearts Gala  2010,eI1ydrNVnaA,Alyssa+Milano+Speech
Speech by Lisa Surihani,7oSz9T4utyE,Lisa+Surihani+Speech
L'ottimismo come forma di lotta: Lorenzo Jovanotti Cherubini at TEDxFirenze,0W70y3Bikpw,Lorenzo+Jovanotti+Speech
Kevin Smith - Burn in Hell Q&A - Motivational Speech,iotbkjRGADU,KevinSmith+Speech
"German Footballers Speaking English - Reus, Gotze, Ozil, Muller, Kroos, Hummels...",nVixs_9OZgQ,Mario+G√∂tze+Speech
Barkha Dutt‚Äôs speech at The Telegraph National Debate 2016,FFDlUPcvTFc,barkha+dutt+Speech
Beatles accept award Rock and Roll Hall of Fame inductions 1988,NO-HK_csGwk,The+Beatles+Speech
Faisal Al Kasim from Al Jazeera speaks to UAE Students in Qatar,u-4hZjeZlOo,ŸÅŸäÿµŸÑ+ÿßŸÑŸÇÿßÿ≥ŸÖ+Speech
Watch President Clinton Deliver Nomination Address at the DNC,l26ItndGwZo,Sintonia+Verso+Speech
Hector THE MONGOOSE Alatorre Fiery Speech to  Victor Ortiz,JbcJMS7ZKRQ,Javier+Alatorre+Speech
"Kingdom Hearts 1.5 - 358/2 Days Fav Parts: Xion and Axel's Face Off // Day 357 ""Tears""",p47aKJBJTnI,Axel+Speech
Precious - Kazim Al Saher - Arabic song,nFofUhaUKpw,ŸÉÿßÿ∏ŸÖ+ÿßŸÑÿ≥ÿßŸáÿ±+Speech
Nil,HVsT9ZC66ws,Nil+Karaibrahimgil+Speech
"Earvin ""Magic"" Johnson's Basketball Hall of Fame Enshrinement Speech",ad9UqapGC7o,Earvin+Magic+Johnson+Speech
Bastian Schweinsteiger's farewell speech - Last game of Basti with Germany,K31ehYYclwc,Basti+Schweinsteiger+Speech
Kevin Pietersen discusses his regrets - The Graham Norton Show: Series 16 Episode 3 - BBC One,AWSxmXIxwGU,Kevin+Pietersen+Speech
Johnny Cash Speech Ashlee Simpson,IZt4PIRla7Y,Ashlee+Simpson+Ross+Speech
Pablo Albor√°n chats with PausePlay about his Grammy nominated album,Aj97k_hAtLo,Pablo+Albor√°n+Speech
Mon√≥logo de Santiago Segura en Los Goya 2012,KFZmaXDOeMA,Santiago+Segura+Speech
"2016 Rock & Roll Hall of Fame NWA's Complete Induction Speech pt 1 (Dre, Yella)",4k2Bk_GTlT8,Dr.+Dre+Speech
Kat Graham cries while watchng a video made for her by fans + speech,srVl5OaqogQ,Kat+Graham+Speech
Elon Musk Incredible Speech - Motivational video By MulliganBrothers,QygpaIJclm4,Elon+Musk+Speech
Pain and Gain motivational speech-Mark Wahlberg,_APmyjLkC4Y,Mark+Wahlberg+Speech
TRIBUTE TO/ MISSY ELLIOTT:BILLBOARD WOMEN IN MUSIC,GQB4jF_0nrc,Missy+Elliott+Speech
THIS IS TOO FUNNY!!,HGkGdGo5uwo,Alfie+Deyes+Speech
Cely Jones - Jo√£o de Barro (Maria Gad√∫),bq9sDpL3ABY,Maria+Gad√∫+Speech
The Wedding of Solenn Heussaff and Nico Bolzico,Bh8-ChoRx90,Solenn+Heussaff+Speech
Lukas Podolski farewell speech to Germany vs England HD [22-03-2017],R_x6P9BGwPI,Lukas-Podolski.com+Speech
Sandeep Maheshwari 7 Rules of Success Inspirational Speech | Motivational Seminar,dLAbeRpqMHc,Rohit+Sharma++Speech
Macklemore & Ryan Lewis Wins Best New Artist | GRAMMYs,Q9mvw66a6yk,Macklemore+Speech
"William Levy [@WillyLevy29] Tyson, Boris talk about Addicted",VQsck8yuyvM,william+levy+Speech
Mike Epps clowns Debo,GDopXmBeg9w,Mike+Epps+Speech
Romano Tarkan 2010 Ka Zivinav Sa Te Mislensa by Studio Dekica,2k7pIIhGyNw,Tarkan+Speech
Craque Neto na balada ! Flash Back dos anos 80 e 90.,4x3nbfYk4zc,Craque+Neto+10+Speech
Lara Fabian - Brasil - Planeta Xuxa (Globo),tF0yFnyq8jw,carolina+dieckmann+Speech
"Jimmy Buffett feat. Fanny Lu ""I Want To Go Back To Cartagena"" Music Video",VFFM3l0k1o8,Fanny+Lu+Speech
The Killers- The Way It Was/Speech Chelsea Ballroom,DtJb0kzI2mU,The+Killers+Speech
"The Chaos Theory, Unraveling the Mystery of Life | Samuel Won | TEDxDaculaHighSchool",Q8JZ4L6Ocic,Dadcula+Speech
"a-ha - ""Take On Me (Alternate Take)"" (Official Music Video)",j3tszcxA8jQ,Ha*Ash+Speech
Powerful Tribute Speech! | Ariana Grande Snapchat Vlogs,bOyEs2F_V5Q,Elizabeth+Gillies+Speech
{ ENG SUBS } 2010 MBC Drama Awards - Lee Min Ho Cuts,nXehMFjUvgk,Lee+Min+Ho+Speech
Fireside Chat with Notch - MineCon 2012,iUCpTNEUtC8,Markus+Persson+Speech
An inspiring LGBT speech- NEW YORK CITY- Greenwich Village,EuQ0QI4w82k,Yalƒ±n+Speech
Ed Sheeran chats to Dermot O'Leary | The BRITs 2017,HkIQv9Qq9xM,Dermot+O'Leary+Speech
Pepeto chiste mono rama,Ajxst2mM288,Emilio+Lovera+Speech
Russell Westbrook Full KIA MVP Presentation & Speech | NBA Awards 2017,vEg-jp8vkT4,Russell+Westbrook+Speech
Henry Lau Speech - END SS5 IN BRAZIL,jY8HP76IuyA,Henry+Lau+Speech
Trevor Noah: Is the World Getting Better? #GOALKEEPERS17,0gLMiuywApw,Trevor+Noah+Speech
OneRepublic Speech - Live in Israel,H8EcT3E1YsI,OneRepublic+Speech
Arjun Rampal Full Speech At Grant Tree Plantation Drive,4aY_H00xsE0,arjun+rampal+Speech
JKT48 Speech | #1 Shani Indira Natio #SoLongHSF,vOKIaOSq3S4,official+JKT48+Speech
Farrakhan Speaks on Donald Trump; Vetting Refugees: The Alex Jones Interview,MPshSBNzb6U,Farah+Khan+Speech
Sports Spectacular 2009 Acceptance Speech / Ryan Sheckler,JsEglA27ZDA,Ryan+Sheckler+Speech
Laudatory Speech from Habib Chamoun-Nicolas for Josefina V√°zquez Mota,o6mI1Wmp3z8,Nicolas+Vazquez+Speech
Chris Hardwick tells Bill Maher about his career,f07EPXms4oE,Chris+Hardwick+Speech
√Ålvaro Morata joins Chelsea on five-year contract,yzzWzoibtqo,√Ålvaro+Morata+Speech
Kerry Washington Accepts the Vanguard Award at the #GLAADAWARDS,ruv8As-_CMg,kerry+washington+Speech
Marcelo Adnet Gol e Tam,SCo82gv8GSo,Marcelo+Adnet+Speech
ŸÖŸÜÿ™ŸáŸä ÿßŸÑÿ™Ÿáÿ™Ÿáÿ© | Mohamed Saada | TEDxAUC,HrXJOkSsA8o,ÿπŸÖÿ±+ÿßŸÑŸÖŸÑÿ≠ŸÖ+Speech
Carlos PenaVega & Witney - Week 6 - Rumba,WG_QH4R1DA4,Carlos+PenaVega+Speech
Alfredo Flores speaking Norwegian,n1IZrZiD9EI,Alfredo+Flores+Speech
Jack & Jack play Who Knows Who Better?,85CAXw7uzlA,Jack+Gilinsky+Speech
Carole Samaha - Social Justice Day Speech / ŸÉÿßÿ±ŸàŸÑ ÿ≥ŸÖÿßÿ≠ÿ© - ŸÉŸÑŸÖÿ© ÿßŸÑŸäŸàŸÖ ÿßŸÑÿπÿßŸÑŸÖŸä ŸÑŸÑÿπÿØÿßŸÑÿ© ÿßŸÑÿßÿ¨ÿ™ŸÖÿßÿπŸäÿ©,Dnj5usFXejo,CAROLE+SAMAHA+Speech
Tony Robbins 2017 Motivational Video The Speech to Inspire Masses,KOUyKrthk7M,Tony+Robbins+Speech
Cristina Amortegui - Entrevista a Karen Marlen Osorio,m56b3f6qu4s,Carolina+Cruz+Osorio+Speech
On X's and passion | Gary Valenciano | TEDxXavierSchool,Ko1tE089hHg,GARY+VALENCIANO+Speech
Kendra Wilkinson reacts to Hugh Hefner reuniting with Cry...,36iiGyEM5h0,Kendra+Wilkinson+Speech
Brandy remembers Whitney Houston,z4k0QyS-T1Q,The+Next+Brandy+Speech
Gordon Ramsay's Inspirational Speech,-jVNO6jvPis,Gordon+Ramsay+Speech
"No Boundaries by Sid Mallya - Chris Gayle, Episode1",LLRIqSuQOd4,Chris+Gayle+Speech
Fifa election: Sepp Blatter re-election speech highlights,XvtI-2YAp08,Joseph+S+Blatter+Speech
Tyler the Creator Winning Best New Artist! (2011),1lcWhADEX-E,"Tyler,+The+Creator+Speech"
Kenan Doƒüulu - Onuncu Yƒ±l Mar≈üƒ± (Canlƒ± Performans),PRz10s85GC4,Kenan+Doƒüulu+Speech
Rory McIlroy Speech after winning the Open Championship.,ZsMFhCKvDr4,Rory+Mcilroy+Speech
Comedy Club - Detroit Radio WBGL,EkpMml8qVxU,–ì–∞—Ä–∏–∫+–•–∞—Ä–ª–∞–º–æ–≤+Speech
Iklan Kotex ProActive Guards - Gisella Anastasia [Official],iltW45AA1-Y,Gisella+Anastasia+Speech
Paul Walker honored - ‚ÄéNoble Awards 2015‚Ä¨,j1TxCMJ67fc,Paul+Walker+Speech
ŸÑŸÖÿßÿ∞ÿß ŸÅÿ∂ŸëŸÑ ÿ¥ŸàŸÖÿßÿÆÿ± ŸÖÿ±ÿ≥ŸäÿØÿ≥ ÿπŸÑŸâ ŸÅŸäÿ±ÿßÿ±Ÿäÿüyasser al qahtani !!.,kHwSACTbiL8,YASSER.S.ALQAHTANI+Speech
Terry Farruk VP of Sales speech 2014,ADdUpc9ZtGo,Farruko+Speech
Tawag ng Tanghalan: Jhong imitates the voice of Big Brother,7R4s_dmdzaA,Jhong+hilario+Speech
Find your primal posture and sit without back pain: Esther Gokhale at TEDxStanford,k1luKAS_Xcg,Dr.+Angelo+Carbone+Speech
La Ecuaci√≥n de Dios ‚ÄúLa Flor de la Vida‚Äù,l97HyYncES8,Flor+De+La+Ve+Speech
Ian McKellen - Full Address,EPwiOftyBOg,Ian+McKellen+Speech
Kim Chiu and Xian Lim's speech for KimXian's fan group (complete),q9VOA1-5LL8,XIAN+LIM+Speech
Pep Guardiola Admits Samir Nasri is Overweight & Confirms John Stones Interest,2wnnrIj7fd0,Samir+Nasri+Official+Speech
Seedling Mentor Program - Zaira Garcia's Keynote Speech,YjPeUPe5fWU,Zaira+Nara+Speech
"Deepak Chopra : Physical Healing, Emotional Wellbeing",_gJN7I0a9XU,Deepak+Chopra+Speech
Larry King Commencement Speech at USD,O-59ESDMP2Q,Larry+King+Speech
Anggun at the congress A World without Walls 2014 in Berlin (9th November 2014),hbbu9BusY0M,Anggun+Official+Speech
Ice Cube of N.W.A Accepts Rock and Roll Hall of Fame Award,rUfUtPWFIKY,Ice+Cube+Speech
Lara Dutta & Mahesh Bhupati Interview With Team MissMalini,qiJ6j1WbVGE,Lara+Dutta+Bhupathi+Speech
"David Lynch on Consciousness, Creativity and the Brain (Transcendental Meditation)",z2UHLMVr4vg,David+Lynch+Speech
"Best Sales Lesson ever by Jeremy Piven in ""The Goods: Live Hard, Sell Hard""",9-VLtpSZh7o,Jeremy+Piven+Speech
Fifth Harmony Wins Best Pop Video Award | 2017 VMAs | MTV,C_XyPKL_-Bc,Fifth+Harmony+Speech
Felicia Day (The Guild) wins Best Female Actor in a Comedy Web Series,KFfKh2Vo6KY,Felicia+Day+Speech
Rajeev Masand interview with Shraddha Kapoor,c4dLwcifQaQ,Shraddha+Kapoor+Speech
"Biz Stone, Co-Founder of Twitter",bcxv2JN6L7A,Biz+Stone+Speech
Leonardo DiCaprio winning Best Actor,xpyrefzvTpI,Oscar+D'+Leon+Speech
Tom Daley and Dustin Lance Black' acceptance speech at the #BritishLGBTAwards,TTXMgnGGMd0,Tom+Daley+Speech
Golden Globes 2011: Chris Colfer (Glee) wins for best performance by an actor in a supporting role,_buU1Xk2w_U,Chris+Colfer+Speech
Jimmy Hill's Sunday Supplement - Ashley Cole Tapping Up Saga,GKt5gYvVYvM,Ashley+Cole+Speech
Jericho's speech,tfiDwfdjYbQ,Chris+Jericho+Speech
Speech - Jack Johnson,w095G37NXT4,Jack+Johnson+Speech
Women Training Motivation - Brazilian Ass & Legs.avi,O8g1DBjIHdM,Dani+Bolina+Speech
SPEECH JAMMER CHALLENGE w/ JOEY GRACEFFA // Grace Helbig,eQm-B59aG3E,Joey+Graceffa+Speech
YOUTUBER WHISPERS VS SPEECH JAMMER!,q8o4VLhgtPQ,Joe+Sugg+Speech
Actress Kate del Castillo Opens Up About Being In An Abusive Relationship,AOX3tjTVgQc,kate+del+castillo+Speech
Êó•Êú¨‰∫∫ÁµåÂñ∂ËÄÖ„ÅÆËã±Ë™ûÔºë„ÄÄ„ÇΩ„Éï„Éà„Éê„É≥„ÇØ Â≠´Ê≠£Áæ©,EkQT_X1C6Ts,Â≠´Ê≠£Áæ©+Speech
"Aaron Paul wins an Emmy for ""Breaking Bad"" 2014",uFHIEynduqM,Aaron+Paul+Speech
Mayweather vs Pacquiao Final Press Conference: Manny Pacquiao Speech,fcQeXIq1MiY,Manny+Pacquiao+Speech
"Toya Talks Lauren London, Nivea and Sarah Vivan",UP-dwvIt1-Q,Lauren+London+Speech
Paul McCartney inducts John Lennon into the Rock and Roll Hall of Fame,YDChVcLWpGc,Paul+McCartney+Speech
"Ross Lynch Speech ""R5 at the Greek "" - Sub Espa√±ol",N2i_7VOoasE,Ross+Lynch+Speech
Mandy Moore & Travis Wall - Outstanding Choreography - Creative Arts Emmy's,nfn2JWHEqWs,Mandy+Moore+Speech
HD Edit Adam Lambert's Speech at Resist March LA Pride 6/11/17,5OKggAfYeCU,ADAM+LAMBERT+Speech
Anand Mahindra's inspiring speech for Whistling Woods Graduation Students,YyCkZXR4l_8,anand+mahindra+Speech
"Bill Nye, The Science Guy - UMass Lowell 2014 Commencement Morning Speaker (32:27)",wzwX-qu5fRA,Bill+Nye+Speech
Speech Composing Soimah - Artis Papan Atas (Edisi Spesial SHOW IMAH Trans TV),RVV1ISZWm_c,Soimah+Speech
Greyson Chance I Heart interview Nov  2015,NFEfCAFS2oA,Greyson+Chance+Speech
CUA Commencement 2016-Jim and Jeanne Gaffigan's Speech,eyUizavEMdA,Jim+Gaffigan+Speech
"Charlie Sheen Weighs In On Denise Richards, Publicist (03.01.11)",PvcPTS5tO84,Denise+Richards+Speech
BTV's Stephen A. Smith Binghamton University Visit,GkEOW5JuQVA,Stephen+A+Smith+Speech
"Jeremy Clarkson, Richard Hammond & James May Show Us the Last Thing on Their Phones | WIRED",cwxRoPv3-vw,Richard+Hammond+Speech
The Second Breaktime - X (Live),UB8coRyYukE,IqbaalDhiafakhri-IDR+Speech
"Davina McCall On Boosting Confidence: ""Fake It Till You Make It""",RTBu2IbRuDQ,Davina+McCall+Speech
Rio praises Ospina after surprise call up,VCSGI5wWHgs,David+Ospina+Speech
"Emre's post-concert speech on Beethoven, Napoleon and Terrorism (English subtitles)",MC3K8Y4eyuA,Emre+Aydƒ±n+Speech
"Rapha√´l Varane - Amazing Defending, Skills & Goals 2016/17 | Reaction",O_-_DcaU6tY,Rapha√´l+Varane+Speech
ASEAN Spirit,epveIr0Eni8,Christian+Bautista+Speech
Is Carter Reynolds SUICIDAL ?,Vel6WpDlYyM,Carter+Reynolds+Speech
Kyrie Irving Speech | Cleveland Cavaliers Championship Parade,YDR1WfmgiL4,Kyrie+Irving+Speech
AUC's Spring 2012 Graduate Commencement Speech | Yousri Fouda,ewP5tPrkrQo,Yosri+Fouda+Speech
Richard Gutierrez explains medical situation faced by sister Ruffa Gutierrez,ZRCt3dQ-3VI,Ruffa+Gutierrez+Speech
IT Minister Nara Lokesh Speech-Pi Data center Inauguration,Z3B7etNuICA,‚òÅÔ∏éjc+Speech
Anthony Bourdain - Parts Unknown - 2013 Peabody Award Acceptance Speech,YmQe6iwY_A0,Anthony+Bourdain+Speech
Brad Goreski's Relationship With Rachel Zoe | HPL,okbJ91nxk2s,Rachel+Zoe+Speech
Motivational speech Dj Khaled,K23_vkcsncA,DJ+KHALED+Speech
Ceremony Selena Quintanilla Star Hollywood Walk of fame,mR5adJYPxbM,Angelica+Vale+Speech
Jason Segel gives his speech at Neil Patrick Harris star ceremony.mp4,Y_j2hZRHWKw,Jason+Segel+Speech
Ku Pilih Hatimu - Ussy ft. Andhika Pratama (Official Video Clip),UTWhh1eAJVk,andhika+pratama+Speech
Robin Williams - the most inspiring robin williams speech - make your life spectacular,nktvyqGqQ_o,Robbie+Williams+Speech
Top Gear Presenter James May Reacts To Jeremy Clarkson Being Sacked By BBC,N6cfFnBNELs,James+May+Speech
Zakir Khan - What happens when you fail in an exam! AIB Diwas,in4RXMJlEVk,zaheer+khan+Speech
Selena Gomez Hires Louis Tomlinson‚Äôs Sister For ‚ÄòRevival‚Äô Tour!,Fu2poPwSLlg,Lottie+Tomlinson+Speech
Lets Talk About Mental Health,gkZiBnL0h7Y,Jackson+Harries+Speech
Icardi confirm√≥ el embarazo de Wanda Nara que hab√≠a anticipado Andr√©s,_bcYX1SwibQ,Wanda+Icardi+Speech
"Kendall Schmidt Talks to Popstar! About Movies, Snacks, and Big Time Rush!",uUnLdoELZJ8,Kendall+Schmidt+Speech
The Greatest Real-Life Story Ever By Sandeep Maheshwari,vMU7PKxCJLc,karylletatlonghari+Speech
Around the World in 80 Days Wins Best Picture: 1957 Oscars,RY_hkB9NDVY,EL+MORENO+MICHAEL+Speech
Justin Bieber Reacts to Dad Jeremy's Comments About His Nude Photos,L9hy30eord4,Jeremy+Bieber+Speech
Sam & Nathan's Wedding Day Final,z_HGXie2D58,Nathan+Kress+Speech
Hardwell - How Hardwell Growth Hacked His Career | TNW Conference 2017,nMlnTvYvUZQ,Hardwell+Speech
Geordie Shore BBB | Charlotte & Gary React To Their Own Love Story!! | MTV,59n7hTWXpT4,Charlotte+Crosby+Speech
Speech Composing Sarah Sechan - Oh My God (Spesial Sarah Sechan NET TV),bOMWdLmGbDE,sarah+sechan+Speech
Hadise A√ßƒ±kg√∂z Kimdir?,1fcjr5FGXmA,HADISE+ACIKGOZ+Speech
Sidharth Malhotra On Being An Introvert,seRI9jNkFRU,Sidharth+Malhotra+Speech
Tom Hiddleston Wins Best Actor in a Limited Series at the 2017 Globes,7hQIVbE6-Nk,Tom+Hiddleston+Speech
I am a 'Pachai Tamizhan' - Superstar Rajinikanth's Speech at Last Day Fans meeting | Thanthi TV,m3VdLLbGp4Q,Rajinikanth+Speech
Puri Jagannadh Funny Speech @ Mana Oori Ramayanam Audio Launch | TFPC,XSWuGv9ND1s,Man√°+Speech
I am a champion - the greatest speech ever [ENG SUB],yX39J_YyKbs,Coach+Speech
How To Speak Australian,2zfG_2uhe3Y,Marcus+Butler+Speech
Interview with Juan Cepeda-Rizo,UAPP4JgSZ6Y,Andr√©s+Cepeda+Speech
Patton Oswalt Wins Best Comedy Album | Acceptance Speech | 59th GRAMMYs,-pUgUpl_YWg,Patton+Oswalt+Speech
Triple H gives hilarious & inspiring speech,R5Rae3jeR-Q,Triple+H+Speech
TWBA: How's Jodi and Pampi?,2Mv6RvJ7wFQ,Jodi+Sta.Maria+Speech
Sebastian Rulli concluye su participaci√≥n en Perfume de Gardenias,0r3y4uHj5Rg,Sebastian+Rulli+Speech
"Merymel en ""Premios Latino"" (Speech)",gPNW3daLpAw,Carlos+Baute+Speech
Donald Trump Meets Audrina Patridge | Throwback Thursday | VH1,r-mGzbuya_g,Audrina+Patridge+Speech
Danna Paola en 100 Mexicanos Dijieron,F9yig4I1k0M,Danna+Paola+Speech
Katt Williams BET Comedy Awards,2RtV3ssJleA,Katt+Williams+Speech
"""PEPE!"" Livestreaming the moment from Hillary's alt-right speech",RXS95Q_VoLY,Pepe+Speech
Erdoƒüan Stamping Out Press Freedom In Turkey,e96aVOs6UmU,Levent+√úz√ºmc√º+Speech
Lady Antebellum Acceptance Speech People's Choice Awards 2015,5TZS_gsOkpc,Lady+Antebellum+Speech
Nx Zero - Pela Ultima Vez ao vivo !,U2y8jUZvqvA,NX+Zero+Speech
Australian Cricketer Shane Warne Speech Rarest Video,61Fj2Elfzks,Shane+Warne+Speech
Honorary Graduate - Steven Frayne's speech,BYpRGaYV82Y,Dynamo+Speech
Clay Travis stuns CNN host when he says he believes in two things: the First Amendment and Boobs,XSCneVakGGk,Booba+Speech
Hereafter vs The Worldly Life - Powerful Speech by Mustafa Hosny,rY2fmG7FTUM,Mustafa+Hosny+Speech
French Montana Tells His Story - THE GENESIS,tH53kXi79Fo,French+Montana+Speech
"2017 CMT Awards: Keith Urban Takes Home 4 Awards, Adorably Dedicates Trophy to Wife Nicole Kidman",EbbUlU2n7w8,Keith+Urban+Speech
O encontro de Xuxa com John Kennedy Jr.,Aj5Jvd83_UI,Xuxa.com+Speech
"Geli Banget, Karya Eka Gustiwana Remix Najwa Shihab Cs",V9SOUm_lN-4,Najwa+Shihab+Speech
[MONOLOGO] Modas / Adal Ramones,9LwuCbAwYfM,Adal+Ramones+Speech
"Judge Freaks Out in Court: ""I Hope You Die in Prison!""",WzYD5b-B5ZY,Ferry+Yolanda+F+Speech
What's So Funny About Egypt? - Interview with Belal Fadl,1cQjHG7vDPw,Belal+Fadl+Speech
Conan Plays F√πtbol With Giovani Dos Santos,Z14eUj6iHQE,Giovani+Dos+Santos+Speech
Michael Vick's press conference and statement,I2V9Mo9WX-Y,Mike+Vick+Speech
Gianluigi Buffon vs. Marco Reus | Head to Head Interview | PUMA Football,XMdPFvCrnRk,Marco+Reus+Speech
Bob Saget Admits 'Inappropriate Acts' in New Book,X_MgGrZTxm0,bob+saget+Speech
"Teen Choice Awards 2011 - Daniel Radcliffe, Rupert Grint & Tom Felton - Harry Potter Awards",JQKVnxEYkEI,Tom+Felton+Speech
Watch Sharon Osbourne Kick Man Who Crashed 'The Talk' People's Choice Speech - Twice!,fqahKPLmNyk,Sharon+Osbourne+Speech
"Martin Garrix Talks Ed Sheeran, Ultra Music Festival & ‚ÄòRewind Repeat It‚Äô | MTV News",TMgc8b6D-fY,MARTIN+GARRIX+Speech
Steve Nash Inducted Into Phoenix Suns Ring of Honor,xhkiNjN_28g,Steve+Nash+Speech
Great lesson for parents...(omesh jethani),CVGSmUDA-Vk,ananda+omesh+Speech
Jim Carrey Speech At The Golden Globe Awards 2016. HDTV,a9J8GaeDqVc,Jota+Quest+Oficial+Speech
2012 USC Annenberg School for Communication Commencement Address,A5xLcLIlXqU,Maria+Shriver+Speech
Thomas Muller Speaking English,_mUg-k35gMw,Thomas+M√ºller+Speech
Al Ghazali Foundation School,Yp_T-qTiLKM,Al+Ghazali+Kohler+Speech
Ustad Yusuf Mansur Speech for Leader,RE1ck3loNq8,Yusuf+Mansur+Speech
KOMPANY & DAUGHTER ON TITLE | City v West Ham Champions 2014,Io4aCqOgWt8,Vincent+Kompany+Speech
FULL SPEECH: Willie Robertson of Duck Dynasty at Republican National Convention,3Gg2dTFu2sc,Willie+Robertson+Speech
Stromae English Interview With Gilles Peterson,vBuXVGh5Q6M,Stromae+Speech
"Neil Gaiman 2012 Commencement Speech ""Make Good Art""",plWexCID-kA,Neil+Gaiman+Speech
The Secrets of this World - Moez Masoud,g1L2jLyzuRg,Moez+Masoud+Speech
David Spade enters the 'No Spin Zone',_2WyFQMn6to,David+Spade+Speech
Paula Abdul's 'Idol' finale speech to Simon Cowell,fkBfqtqesg4,Paula+Abdul+Speech
"Daniel Bryan bids farewell to the WWE Universe: Raw, February 8, 2016",6KzD06Wpofw,Daniel+Bryan+Speech
DERRICK ROSE 2010-2011 MVP AWARD PRESENTATION & SPEECH (ORIGINAL VIDEO),n1V0NEIrXNw,Derrick+Rose+Speech
Cristiano Ronaldo Funny Fight vs Coentrao on Training before Champions League Final,NHRiu3g11ak,Fabio+Coentrao+Speech
YA≈ûADIƒûIMIZ ≈ûOK! 89. Oscar Akademi √ñd√ºllerinde Dev Fiyasko! Kimler Kazandƒ±?,njyIU02sxvA,ayse+ozyilmazel+Speech
Fernando Alonso 2017 Indianapolis Indy 500 Victory Banquet - Presentation & Speech,s69XiUdzbWg,Fernando+Alonso+Speech
Baftas 2016: Rebel Wilson's deadpan speech,PNe8Gs1V6Lw,Rebel+Wilson+Speech
Emotional Michael Buble calls his kids inspiring in awards speech,NTGCUibQKVk,Michael+Bubl√©+Speech
Robi Domingo Expressed True Feelings for Gretchen Ho at Bb. Pilipinas 2017 Stage!!,1kAkc9xB_lo,Robi+Domingo+Speech
Bonno van der Putten management specialist.,giE4P9G7HMw,bonno+van+der+putten+Speech
Sahan Karo - Safal Bano,nC2nLwbrR7g,≈ûahan+G√∂kbakar+Speech
Problem-Solution Speech - Anthony Padilla,hvKj6GRKy2w,Anthony+Padilla+Speech
Luke Brooks Inspired Advice Speech,o4a1r9hDPK4,Luke+Brooks+Speech
Amy Schumer Hilarious Acceptance Speech | Glamour UK,5nhBKbmpGi4,Amy+Schumer+Speech
Craig Ferguson Speaks From The Heart,7ZVWIELHQQY,Craig+Ferguson+Speech
Entertainment News - Fatin Shidqia Lubis menjadi rising star 2013,DmGrGgteYtA,Fatin+Shidqia+Lubis+Speech
Ayushmann Khurrana: Courage comes from failure,reu8rzD6ZAE,Ayushmann+Khurrana+Speech
"BIRDMAN: ""Relevant""",GTxh6DHhyzM,BIRDMAN+Speech
"Mr. Nilesh Shah, MD Kotak MF at Money Bee Month 2017",Wn6ThqKI5do,Dani+Suzuki+Speech
Kylie Minogue - Inducted into the ARIA Hall of Fame (Speech),9jYWvJE70GQ,kylie+minogue+Speech
Zedd and Foxes Wins Best Dance Recording | GRAMMYs,QdnCwASmBv8,Zedd+Speech
USC SDA Commencement 2014,_blg3L7sgyc,Troian+Speech
Wiz Khalifa - Respect ft. Juicy J & K Camp (Cabin Fever 3),MegnsMLIlXg,juicy+j+Speech
"Manu Gavassi, RBD e Demi Lovato no Se Liga | Purebreak",tEiQa-rJ404,Manu+Gavassi+Speech
SEU JORGE - NOTAS  ALTAS (HIGH NOTES),52Xd1fmHuNo,Seu+Jorge+Speech
